Country Name,Country Code,1995,1996,1997,1998,1999,2000,2001,2002,2003,2004,2005,2006,2007,2008,2009,2010,2011,2012,2013,2014,2015,2016,2017,2018,2019,2020,2021
Aruba,ABW,,,,,,,,,,,,,,,,,,,,,,,,,,,
Africa Eastern and Southern,AFE,,,,,,,,,,,,,,,,,,,,,,,,,,,
Afghanistan,AFG,,,,,,,,,,,,,,,,,,,,,,,,,,,
Africa Western and Central,AFW,,,,,,,,,,,,,,,,,,,,,,,,,,,
Angola,AGO,,,,,,,,,,,,,,,,,,,,,,,,,,,
Albania,ALB,35.7569039092832,37.4810649631085,53.1078249689126,55.5657038623041,,,,,,,,,,,,,69.6376739165201,63.6691526405469,70.5807697920008,73.3202274771466,79.8644181475793,80.7355819675527,75.8887515969161,64.5703263524605,75.6984882494976,84.0586190786412,
Andorra,AND,,,,,,,,,,,,,,,,,,,,,,,,,,,
Arab World,ARB,,,,,,,,,,,,,,,,,,,,,,,,,,,
United Arab Emirates,ARE,,,,,,,,,,,,,,,,,,,1.89352252372768,,,,,,,,
Argentina,ARG,,,,,,,,,,,,,,,,,,,,,,,,,,,
Armenia,ARM,,,,,,,,,,,,,,,,,,,,,,,,,50.0284206863703,63.4036601425153,
American Samoa,ASM,,,,,,,,,,,,,,,,,,,,,,,,,,,
Antigua and Barbuda,ATG,,,,,,,,,,,,,,,,,,,,,,,,,,,
Australia,AUS,21.6950650744992,21.8248473429732,20.8752429182914,16.8889107774242,31.1102485972518,29.5652857242165,27.733176667115,25.9132400450515,25.0923976025221,22.8794468348786,22.4267214946317,21.4639696485303,20.1204762784745,18.1967745849444,23.8870800369387,28.6956061213118,30.1094295922556,39.4662235865486,37.5799731069072,41.7426885439519,46.5094716816771,54.6835940893166,53.2661594235026,54.4764198191374,60.2598462256221,69.3649141335153,
Austria,AUT,,,,,64.2128955433926,64.739782238816,65.1858555045077,67.8118732502167,66.79101912401,66.461797580061,74.30583792512,70.4226107810545,66.7566818651461,71.9382577543835,83.3316518773762,85.7862698271937,85.6965073785828,90.6003878073782,87.6965992426296,95.7996292737297,95.0842658810954,94.6946369620698,89.4054088474265,84.1317333808654,82.9809497690347,100.366639762422,
Azerbaijan,AZE,,,,,,,,,,,,,,4.57653797474662,6.29501240116287,6.38557579182856,,,,,,,,,,,
Burundi,BDI,128.919219059812,144.097681489928,134.247082847141,151.277211394303,162.561440491875,,,,,,,,,,,,,,,,,,,,,,
Belgium,BEL,125.576590944464,127.330165011394,124.101334701475,126.005664754856,115.121171084744,109.647472082346,108.917591351373,108.346201520725,102.199608448661,98.0987970607766,96.7545771933543,89.3755663540236,83.4782314885846,91.3008843889572,95.9430277968126,93.20645439648,95.5707643463826,104.028499314949,101.564361030942,112.309059747048,108.591308652296,110.196200971828,103.883627921154,101.384243358287,103.465307053078,120.234579040589,
Benin,BEN,,,,,,,,,,,,,,,,,,,,,,,,,,,
Burkina Faso,BFA,,,,,,,,,,,,,,,,,,,,,,,,45.5738610534927,46.6395447335932,72.5316089020352,
Bangladesh,BGD,,,,,,,31.4618431575804,31.863991518402,31.2044521104432,,,,,,,,,,,,,,,,,,
Bulgaria,BGR,,,,56.7466348118347,66.4559165835694,61.5724604539632,61.3339831607689,52.8814825755667,47.399916037794,40.1767177249262,31.1379407029834,27.7378918497081,24.1379663568875,17.9816300354792,20.1600093706789,20.5918647823436,19.4821669413927,21.7954053500896,22.0570507802478,32.5006561770944,30.841312010284,35.5283735776137,32.2168420187295,28.6852835574446,26.9283753695495,32.4103690698526,
Bahrain,BHR,16.986451622554,15.8131027247135,16.9605823750437,21.1646810889854,23.6915052697933,25.7450148929614,27.1047836328351,28.3796671065326,32.4533576041094,29.3985591955441,,,,,,,,,,,,,,,,,
"Bahamas, The",BHS,33.9982502187227,34.2227763923525,21.7237964992515,20.9517328580084,19.6411443712608,18.7520042790972,,,,,,22.7774542844919,22.9908535609144,25.45550066502,30.908208407968,33.6922817103418,35.306429206242,36.4494930273775,44.3955295944257,46.1714820017716,47.524949628643,50.4010781944468,53.0048472195248,56.7835416046034,57.0542871869505,84.4499201432055,
Bosnia and Herzegovina,BIH,,,,,,,,,,,,,,,,,45.8346942869169,49.0902635279898,,,,52.8681138658429,48.0154735739562,45.5613121616324,44.6336486188368,46.0482175057433,
Belarus,BLR,16.8800606245315,11.5201288580528,12.1714690728675,20.1805426390813,15.103117448937,15.0144518163306,11.440616774975,12.3366860124798,,,6.57022058767027,6.64440183178372,8.9092608163614,10.6566343685377,18.5574619808712,18.905245726907,39.4168108447656,24.4293134230567,23.8372955552391,24.5487262642116,37.5981780556757,38.9240984107258,39.8801045313301,37.0957369908527,33.2442039424903,,
Belize,BLZ,36.2943800394086,38.8155721098401,,,,,,67.2876011029875,87.9675103057744,104.009760772526,92.4327199355636,88.1163765017636,85.2321567582929,79.7300662256414,83.0197605228412,80.6986218917549,77.9320169241282,76.5388579502447,78.654991481851,77.8442916600232,,,,,,,
Bermuda,BMU,,,,,,,,,,,,,,,,,,,,,,,,,,,
Bolivia,BOL,57.4113793922892,47.8828066229933,46.5365054086561,47.0751925934341,56.2575829839375,60.1091977404058,68.3398527645303,,,,,,,,,,,,,,,,,,,,
Brazil,BRA,,,,,,,,,,,,,,,,61.3187804611479,59.3416583014604,59.8494899958247,57.228409380258,58.4572711058609,67.5375540277116,73.4188038096758,83.6692026509366,86.6078841199146,92.5652531882782,100.586637345384,
Barbados,BRB,,,,,,,,,,,63.7916238643802,62.3671751288723,66.8267880346431,71.1698163869292,86.8766738947415,95.7261582247376,100.246233588889,112.773618727542,120.479934061046,129.629592074798,141.438102934893,146.926713218739,,,,,
Brunei Darussalam,BRN,,,,,,,,,,,,,,,,,,,,,,,,,,,
Bhutan,BTN,28.2639492340235,37.853277255727,31.9367467746927,31.0826268923135,36.0933589086497,40.4803749445844,72.2084540385737,58.1222739026208,70.8373493826887,77.4580226371016,81.722619484527,76.8295072044597,64.28857447128,61.9120647725711,58.1908237667352,56.2118312539319,64.0467185407083,74.2422122045535,98.4448853569081,93.110334600343,88.5026841632725,100.778044131213,101.289706475099,101.193502185999,97.4852916131164,117.823727293107,
Botswana,BWA,10.972076070214,11.1567555492122,,,,,,,,,,5.89360961421408,5.74118725017073,7.84730897264042,18.9731164738468,21.6306883124047,20.7431792529754,19.9455500589099,18.2124293899498,18.1096345089377,19.01948409599,15.8049533713788,14.6960487335745,15.3366607680149,16.2229361113756,19.6558562551047,
Central African Republic,CAF,,,,,,,,,,,,,,,,,,,,,,,,,,,
Canada,CAN,77.3687442172423,78.1155231539877,74.7625689853842,72.3039661300595,66.0928429622677,58.6002786459722,57.3221439274465,54.0091330474404,51.151631171986,46.7428899982332,46.025212915552,43.2561303350185,39.1387244399934,43.9472794863129,52.2515264100439,52.4574351488494,53.1847516125414,54.9262398034156,51.8429501080037,50.3307188290924,54.6514794201489,52.8086681382135,50.2257968524381,48.1815311011633,48.0116333101717,72.0858234047682,
Central Europe and the Baltics,CEB,,,,,,,,,,,,,,,,,,,,,,,,,,,
Switzerland,CHE,22.4763078740519,22.8797277772713,24.8956288587117,27.0963868544778,24.9514723616202,25.7203226757566,24.6473988310952,29.6591424104787,28.7244916481159,29.2481756047066,29.2391927575427,25.6425183912228,23.5217821762977,22.9597565830552,21.5466330630229,20.8341068853533,20.9619254746362,21.1690339783081,20.0334012405487,20.3906817436611,20.2055042636777,19.1663087436657,20.0172747147988,18.4249278108308,18.6789643426803,20.5427417064146,
Channel Islands,CHI,,,,,,,,,,,,,,,,,,,,,,,,,,,
Chile,CHL,17.3723157703755,14.5844761379403,12.7798231847422,12.1152964039874,13.2770070103556,13.1456400046218,,,,,,,,,,,,,,,,,,,,,
China,CHN,,,,,,,,,,,,,,,,,,,,,,,,,,,
Cote d'Ivoire,CIV,171.065442627283,,,,,,,,,,,,,,,,,,,,,,,,,,
Cameroon,CMR,106.280979179561,,,84.8102640173471,79.4576584012943,,,,,,,,,,,,,,,,,,,,,,
"Congo, Dem. Rep.",COD,232.936231054902,243.595506269697,152.187001902338,,,,,,,,,,,,,,,,,,,,,,,,
"Congo, Rep.",COG,,,,,,,,,,,,,,,60.2269417189103,25.4826844740907,,,,,,,,,,,
Colombia,COL,,,,5.40391549112143,19.0653508704071,17.7090216802298,,,52.535419533379,,,,,65.2450803056946,68.9990033374936,72.4526699261111,62.8601328222053,65.227695883164,67.102911945643,47.9761695160459,53.2785874737167,66.9071609125066,66.7272478472146,71.6504354759683,72.7022611920142,90.4035661213406,
Comoros,COM,,,,,,,,,,,,,,,,,,,,,,,,,,,
Cabo Verde,CPV,,,,,,,,,,,,,,,,,,,,,,,,,,,
Costa Rica,CRI,,30.0982111795656,30.1790308643986,40.2051024300097,40.1048029042645,38.5018488682379,39.3351119117989,,,,,,,,,,,,,,,,,,,,
Caribbean small states,CSS,,,,,,,,,,,,48.527819053048,47.4005549999879,,,,,,,,,,,,,,
Cuba,CUB,,,,,,,,,,,,,,,,,,,,,,,,,,,
Curacao,CUW,,,,,,,,,,,,,,,,,,,,,,,,,,,
Cayman Islands,CYM,,,,,,,,,,,,,,,,,,,,,,,,,,,
Cyprus,CYP,,,,,,,,,,,,,,,,,,,,,,,,,,,
Czech Republic,CZE,,,,,,,,,,,,,,,,,,,,,,,,,,,
Germany,DEU,,,,,,,,,,,,,,,,,,,,,,,,,,,
Djibouti,DJI,,,,,,,,,,,,,,,,,,,,,,,,,,,
Dominica,DMA,,,,,,,,,,,,,,,,,,,,,,,,,,,
Denmark,DNK,,,,,,,,,,,,,,,,,,,,,,,,,,,
Dominican Republic,DOM,,20.9601830753133,17.5702324990029,,16.4168038368014,,,,,,,,,,,,,,,,,,,,,,
Algeria,DZA,,,,,,,,,,,,,,,,,,,,,,,,,,,
East Asia & Pacific (excluding high income),EAP,,,,,,,,,,,,,,,,,,,,,,,,,,,
Early-demographic dividend,EAR,,,,43.627197536551,,,,,,,,,,,,,,,,,,,,,,,
East Asia & Pacific,EAS,,,,,,,,,,,,,,,,,,,,,,,,,,,
Europe & Central Asia (excluding high income),ECA,,,,100.410583380522,,,,,,,,,,18.0011198995193,22.3894353019677,20.9938590472673,20.0949041365752,19.4698875294746,17.9875748363132,20.3457868880791,21.945159027237,22.826654401365,23.6307430990793,23.186629962349,24.7029239294729,31.3042361996513,
Europe & Central Asia,ECS,,,,,,,,,,,,,,,,,,,,,,,,,,,
Ecuador,ECU,,,,,,,,,,,,,,,,,,,,,,,,,,,
"Egypt, Arab Rep.",EGY,,,,,,,,,,,,,85.7885338345865,,,,,,,,,,,,,,
Euro area,EMU,,,,,,,,,,,,,,,,,,,,,,,,,,,
Eritrea,ERI,,,,,,,,,,,,,,,,,,,,,,,,,,,
Spain,ESP,57.8835714900651,64.2155121043918,64.0097209413511,64.257825472763,59.1573805286779,56.4165675597404,51.9951670147971,50.1653698526486,45.4991384819668,43.4691212999525,40.2675102686621,35.7890576263229,31.792195137488,35.7977494008792,48.3646992967727,50.1678007072302,58.057649948503,74.1120102679602,87.5333967088844,100.691205278128,100.979179625851,102.785304638005,103.63285340951,104.794373761616,109.094510163397,140.718678026527,
Estonia,EST,,,,6.90922002473909,7.84184333624567,4.06698700265488,3.81132632295459,4.42948490140082,4.86252613950876,5.27335374149869,5.18104567730469,4.94438397132272,4.22953401229437,5.05835096073766,8.22468046659972,7.89764510837486,5.99139330834761,13.5521744483716,13.798476044145,13.9548506685828,13.1227400304449,14.070777375849,13.425576163145,13.5182578013606,14.0695196826515,24.3283641992343,
Ethiopia,ETH,82.6296763565148,72.1500093626094,69.4216870598482,77.9616791099719,85.5546979166054,,,,,,,,,,,,,,10.733283781495,26.9372797365191,27.9431250379303,29.0056900690034,30.0951131996185,32.5332185023587,31.4488486740364,,
European Union,EUU,,,,,,,,,,,,,,,,,,,,,,,,,,,
Fragile and conflict affected situations,FCS,,,,,,,,,,,,,,,,,,,,,,,,,,,
Finland,FIN,,,,,,,,,,,,,,,,,,,,,,,,,,,
Fiji,FJI,,,,,,,,,,,,,,,,,,,,,,,,,,,
France,FRA,,,,62.3639688260044,59.1702064027169,58.2992523257033,57.8188792094656,61.1765498677754,63.6735542410279,64.6424130247374,65.6111738740193,60.9742926849592,59.4874211892694,65.372569489756,77.9477820433769,80.3012997114704,82.2922420615546,90.2797486025496,90.9685436680429,97.5543838512582,97.9803332557022,102.262044850588,102.21526508744,101.622134416787,104.986431520716,123.420008163762,
Faroe Islands,FRO,,,,,,,,,,,,,,,,,,,,,,,,,,,
"Micronesia, Fed. Sts.",FSM,,,,,,,,,,,,,,26.6089754283853,25.4416218372326,24.1548813396191,25.2019616988798,27.1151720388805,26.3230241123984,23.3897348085264,29.9431447891386,25.3917774115375,30.9365399321673,23.1123567327134,23.0694398114019,25.4346900041916,
Gabon,GAB,,,,,,,,,,,,,,,,,,,,,,,,,,,
United Kingdom,GBR,87.7215703188362,86.6498900889056,87.7237201929487,89.2703527332974,86.4441394665873,86.528083750569,83.3360624085504,85.0151553846981,85.0318658380755,88.8287300753329,90.4467240521957,90.2384470469052,91.7108221092839,103.407032485339,121.319808364159,129.07297194198,141.584861177747,144.974859921399,139.555030100577,148.49453298809,145.613968908833,153.825029578933,159.196773896678,155.535876893643,157.742819858971,190.772518916415,
Georgia,GEO,61.051634865257,46.4029985782603,45.902215196821,56.9064733876267,60.7776033305696,58.5196339627013,56.0323643991609,55.4493025751073,45.5074088345535,36.9156072188349,29.2292335361289,23.090087672862,19.2040626581459,23.4732554299105,30.8567774936061,31.8922535469443,28.3715417191615,28.7960980339586,29.4994246863754,30.9760956175299,36.6506556652424,40.2687241879674,39.3924674203172,38.8877428844334,40.4120355431243,60.0957203249847,
Ghana,GHA,,,,,,,,,,,,,,,,,,,,,,,,,,,
Gibraltar,GIB,,,,,,,,,,,,,,,,,,,,,,,,,,,
Guinea,GIN,,,,,,,,,,,,,,,,,,,,,,,,,,,
"Gambia, The",GMB,,,,,,,,,,,,,,,,,,,,,,,,,,,
Guinea-Bissau,GNB,,,,,,,,,,,,,,,,,,,,,,,,,,,
Equatorial Guinea,GNQ,,,,,,,,,,,,,,,,,,,,,,,,,,,
Greece,GRC,,,109.648857268302,108.066836957516,109.026628910023,119.431457212669,123.59901850954,125.626342967539,120.654082912417,126.659657912097,127.548028051391,126.573058539632,123.820896001653,127.158326411226,143.980453070036,136.602224223793,116.211593571687,168.027201054784,185.743826117643,189.294440988662,189.158853963922,194.620197524529,198.965311960791,208.838440301488,212.492479075121,252.407456915524,
Grenada,GRD,,,,,,,,,,,,,,,,,,,,,,,,,,,
Greenland,GRL,,,,,,,,,,,,,,,,,,,,,,,,,,,
Guatemala,GTM,11.404999017517,11.2418328744629,11.3452176738095,11.2801678443371,13.4701885924417,16.9838230125753,20.2690233179284,18.692477319178,21.0384409661569,22.1444573926966,21.6021201382389,22.2347729614565,21.986997531652,20.383408037295,23.3939731993278,24.8169594138567,24.5639597782709,24.7007424112068,25.2099495623048,24.7926856314898,24.9201770937784,25.0349906680098,21.0641307322597,26.5265326919742,26.5394505742798,31.5714692575284,
Guam,GUM,,,,,,,,,,,,,,,,,,,,,,,,,,,
Guyana,GUY,,,,,,,,,,,,,,,,,,,,,,,,,,,
High income,HIC,52.9660461962712,54.0530925244102,53.9816700593062,55.7560455478491,54.7430843511523,52.595507572557,62.2257910164184,64.3212739018215,66.6112875911851,67.4160204358329,67.5146465752326,65.8368279286005,65.6729588044794,72.6845224509748,85.034118441268,91.0464736608682,97.0788815872585,100.08231845887,100.307890388077,104.176165606554,104.759709406466,106.823242113634,106.48465309395,107.209171123468,109.017489170042,147.874373862994,
"Hong Kong SAR, China",HKG,,,,,,,,,,,,,,,,,,,,,,,,,,,
Honduras,HND,,,,,,,,,,,,,,,,,,,,,,,,,,,
Heavily indebted poor countries (HIPC),HPC,,,,,,,,,,,,,,,,,,,,,,,,,,,
Croatia,HRV,,,,,28.4796369175254,34.2002289214565,57.5376515399486,54.8711181561117,54.4598242549133,54.2903709007718,54.0101157954423,50.9827661516037,50.5167119605892,52.2367220439094,63.459424031954,72.4095699878699,78.8462262771582,83.4505058846426,94.2408451573372,100.370450265081,102.5493139012,99.9807747828424,92.8089998454929,89.5507522456975,87.195295109942,105.382820161092,
Haiti,HTI,,,,,,,,,,,,,,,,,,,,,,,,,,,
Hungary,HUN,86.1138634345375,75.0099862333893,67.3168782599247,64.1630927590618,66.7855663040988,61.211424272436,59.3656932078682,59.014673687564,59.7514525464896,62.995717707724,65.2124069018206,68.3639272827735,69.1203538039996,72.6294634773117,81.0813476851531,81.2474249176074,90.5257486549294,94.1160293592457,94.6994936518004,98.6397586948027,96.369516407187,96.7578481797653,91.9717692033908,86.5387207116005,83.5247664610237,96.378020440355,
IBRD only,IBD,,,,,,,,,,,,,,,,,,,,,,,,,,,
IDA & IBRD total,IBT,,,,,,,,,,,,,,,,,,,,,,,,,,,
IDA total,IDA,,,,,,,,,,,,,,,,,,,,,,,,,,,
IDA blend,IDB,,,,,,,,,,,,,,,,,,,,,,,,,,,
Indonesia,IDN,30.8043248823304,23.92314220907,72.4853185253111,55.2040876648634,45.2079671076106,,,32.2241265309989,29.7173962466428,,,,,34.2250282105616,29.997306381567,26.1661592780012,24.8651446692594,25.0344008432508,27.7819272178664,27.4216121994064,30.309126137804,31.366190714778,32.4290671189749,33.1394192425283,33.7291556226381,42.9166244020063,
IDA only,IDX,,,,,,,,,,,,,,,,,,,,,,,,,,,
Isle of Man,IMN,,,,,,,,,,,,,,,,,,,,,,,,,,,
India,IND,47.4916413020425,45.7233077028079,50.3654361263116,50.3192181732305,51.3529514384148,55.0042464956842,59.0179097968845,62.5527712950592,62.1900538962691,62.5929767433885,62.2265261005164,59.6667302759413,57.4975363893642,57.2922142809949,55.2564461120573,51.5919103004572,51.5565536600977,50.6780305618952,50.3118273627008,49.9009248748319,49.9647183856551,47.6337555915272,47.5836093800197,46.5224986659322,,,
Not classified,INX,,,,,,,,,,,,,,,,,,,,,,,,,,,
Ireland,IRL,,,,60.0093392067374,49.1418698376398,38.1417482560003,35.0071989183906,33.679933308379,32.3670959395784,30.8210771165543,30.7738802977087,27.0392688001995,26.9930293996537,46.6251650850734,66.62175035655,82.5056567138736,111.661955270529,129.798537045431,131.816175102633,121.30223294265,88.6171842169966,85.3797753691529,76.9234090450344,75.3207867984276,69.7309078742398,71.5750993404508,
"Iran, Islamic Rep.",IRN,,,,0,,,,,,,,,,,,,,,,,,,,,,,
Iraq,IRQ,,,,,,,,,,,,,,,,,,,,,27.3918908850844,29.4760678291372,35.8630061595051,27.438248367378,,,
Iceland,ISL,46.3446576667931,45.6988349847291,68.4657713767608,63.1767029797765,59.1576793508091,58.2580205912156,60.284380518109,56.2994062359328,54.4446338318885,48.2797242905858,84.7176591672143,86.9818396994222,84.2624186949972,129.738432199614,145.745980756566,150.633812484101,156.915918249342,152.739624546059,140.954580207259,135.796521914069,117.370839587281,103.362423152956,90.4444869015692,81.9428095154203,89.4747164495953,99.9092222159848,
Israel,ISR,104.113512273971,102.571595738477,97.2446058099547,98.1513239567999,91.4440105771931,,,,,,,,,,,,,,,,,,,,,,
Italy,ITA,,,,,,,,,,,,,,,,,,,,,,,,,,,
Jamaica,JAM,83.8611841763719,72.2521952357009,73.7000090787124,81.6705597000984,88.9636436472209,98.3341557109605,117.535033564029,127.777467033609,127.433255587593,122.008068595913,121.00247616654,117.698811478754,112.989990199089,120.339824591656,134.678769793404,136.224334891016,133.978459775192,137.934669887058,135.885094993632,132.413804620781,124.64830084408,122.655678149439,102.463603382541,,92.2464484531468,106.282373001667,
Jordan,JOR,105.065237210427,106.221100182938,100.380576515134,101.17186762596,99.9159494888309,93.7150185142276,90.8256482983082,85.0745468121151,88.9180503307396,89.0247017437035,79.9519239759384,72.6251637040321,69.9589120189815,55.0660525842339,59.2214668762727,59.7710843617397,60.4217719904335,65.3506139398579,73.723812248079,77.7139917549107,78.8614496694168,74.071860773415,75.7436246822837,,79.345050123198,75.9708078733234,
Japan,JPN,60.7712223705867,65.410061690325,72.8600591597316,80.4782837717387,90.5297764557306,98.9338230693531,102.846758013061,111.876249693267,121.915320879915,127.547497558089,128.210797955966,128.602993963416,132.22571802455,138.578631732787,156.988384817181,160.501461236966,175.570817424664,183.708906763918,186.564297348971,192.113216566341,194.585436599252,193.23712453014,193.493969150546,197.446313440847,197.801899116763,216.278885243928,
Kazakhstan,KAZ,,,,,,,,,,,,,,,,9.52296325134078,8.80131007226425,10.4981138465889,10.8406391538642,12.6469696266918,19.307916061599,16.7694252748762,16.9303582595661,21.9922369362835,18.4830469477519,26.6339669103922,
Kenya,KEN,,,,,,,,,,,,,,,,,,,,,,,,,,,
Kyrgyz Republic,KGZ,,,,,,,,,,,,,,,,,,,,53.8893270176244,72.4565575830671,60.4735108680683,60.9182286766387,51.6567858407378,54.2272873305188,,
Cambodia,KHM,,,,,,,,,,,,,,,,,,,,,,,,,,,
Kiribati,KIR,,,,,,,,,,,,,,,,,,,,,,,,,,,
St. Kitts and Nevis,KNA,,,,,,,,79.2688095806907,92.3085420315927,90.828054331704,92.3212291448103,84.6590647845878,97.046322814295,92.4817072526061,100.754475858695,104.877964445747,103.009613282601,96.7623911759298,67.0653297377302,57.5484476965889,,,,,,,
"Korea, Rep.",KOR,7.21688976925724,6.86298018400292,8.6798604727881,,,,,,,,,,,,,,,32.4090205799357,34.9298593014974,36.5002640215506,37.4929571097141,38.0655141568922,37.3486351375477,37.5556431793942,39.969480137044,46.6135086460939,
Kuwait,KWT,,,,,,,,,,,,,,,,,,,,,,,,,,,
Latin America & Caribbean (excluding high income),LAC,,,,,,,,,,,,,,,,,,,,,,,,,,,
Lao PDR,LAO,,,,,,,,,,,,,,,,,,,,,,,,,,,
Lebanon,LBN,,,96.9088659793814,106.957053807029,128.641269114899,,,,,,,,,,,,,,,,,,,,,,
Liberia,LBR,,,,,,,,,,,,,,,,,21.7306088407006,20.3179952529254,,,,,,,,,
Libya,LBY,,,,,,,,,,,,,,,,,,,,,,,,,,,
St. Lucia,LCA,,,,,,30.8776806989674,40.0705394190871,50.0329218106996,48.5183795948987,49.5833333333333,52.0352250489237,47.1957374440562,45.2980532065982,41.6345301264286,43.3977023635892,45.7221525523083,,,,,,,,,,,
Latin America & Caribbean,LCN,,,,,,,,,,,,,,,,,,,,,,,,,,,
Least developed countries: UN classification,LDC,,,,,,,,,,,,,,,,,,,,,,,,,,,
Low income,LIC,,,,,,,,,,,,,,,,,,,,,,,,,,,
Liechtenstein,LIE,,,,,,,,,,,,,,,,,,,,,,,,,,,
Sri Lanka,LKA,94.6498205974494,92.343984335944,86.105931670321,89.1958239111343,95.1081546127673,96.9040326453759,103.219274149885,105.524990754701,102.270712023476,102.328536698869,90.6049131149854,88.6994841221229,84.9944169483341,,86.063491912486,71.585318439823,71.1081093769161,68.710394650639,70.8211060610562,71.332798378903,77.6503941209344,,,,,,
Lower middle income,LMC,,,,50.693187135495,,,,,,,,,,,,,,,,,,,,,,,
Low & middle income,LMY,,,,,,,,,,,,,,,,,,,,,,,,,,,
Lesotho,LSO,,,,,,,,,,,,,,,,,,,,,,,,,,,
Late-demographic dividend,LTE,,,,,,,,,,,,,,,,,,,,,,,,,,,
Lithuania,LTU,,,,27.6162474571877,31.0785660449799,32.6930235463493,31.7342072174014,30.522482331338,27.264414958418,26.1317974547178,23.9357313179843,20.8232378679491,17.6895186651757,14.7688796841721,30.7436903314364,41.2261177413734,41.0538558275767,47.1986083994861,44.8359155161308,48.3320102989201,49.6456914528683,47.7416942235485,44.9775698188514,39.0039917342936,42.7044320830162,53.5668300360939,
Luxembourg,LUX,,,,,,,,,,,,,,,,,,,,,,,,,,,
Latvia,LVA,,,,,,,,,,,,,,,,,,,,,,,,,,,
"Macao SAR, China",MAC,,,,,,,,,,,,,,,,,,,,,,,,,,,
St. Martin (French part),MAF,,,,,,,,,,,,,,,,,,,,,,,,,,,
Morocco,MAR,68.3949152787535,,64.4624151446094,61.1859346067606,61.6171338240012,,,54.0303385454133,,,59.2699927731566,54.80562992585,50.9355551094158,45.4427659043265,47.5036306769826,50.9624992353025,55.6277203238232,,,,,,,,,,
Monaco,MCO,,,,,,,,,,,,,,,,,,,,,,,,,,,
Moldova,MDA,37.6286611371025,40.1231820920436,48.0869353115827,82.8327822731422,77.8984533931353,73.0188685605433,60.7746432557048,59.5592506390136,52.5337629892465,51.9542957042957,32.4251035801551,29.1792912365375,23.239565787011,18.4425161310829,27.6322264363496,21.9325612554393,19.7666739336335,20.3471393512104,19.9179521555554,20.8265355308678,23.4713859831631,31.8856693366882,29.1909086643187,27.0183320112171,24.9523644838614,33.013660377142,
Madagascar,MDG,,,,,,,,,,,,,,,,,,,,,,,,,,,
Maldives,MDV,47.3520580907562,43.0352763629504,39.670387725631,40.9867359654762,40.126298421858,40.8644099852265,31.2308703408131,33.5908378331301,30.3523770936084,27.2730426643921,33.9271150397616,29.5408843071306,29.1842777540108,30.3431523048305,46.1935516743923,,,,,,,,,,,,
Middle East & North Africa,MEA,,,,,,,,,,,,,,,,,,,,,,,,,,,
Mexico,MEX,32.4583813750253,25.166017817526,20.6491358972825,22.2436286767288,20.485055142091,19.0694868180981,,,,,,,,,,,,,,,,,,,,,
Marshall Islands,MHL,,,,,,,,,,,,,,69.04559085023,72.5986034549067,69.1776130857051,56.1227311928497,52.5027508322882,53.1892832952104,50.4475137090239,47.4561054281413,48.3898732028888,47.8390274858692,43.6853885731641,40.4247401051189,,
Middle income,MIC,,,,,,,,,,,,,,,,,,,,,,,,,,,
North Macedonia,MKD,,,,,,,,,,,,,,,,,,,,,,,,,,,
Mali,MLI,,,,,,,,,,,,,,,,,,,,,,,,,,,
Malta,MLT,,,,,,,,,,,,,,,,,,,,,,,,,,,
Myanmar,MMR,,,,,,,0,,,,,,,,,,,,,,,,,,,,
Middle East & North Africa (excluding high income),MNA,,,,,,,,,,,,,,,,,,,,,,,,,,,
Montenegro,MNE,,,,,,,,,,,,,,,,,,,,,,,,,,,
Mongolia,MNG,37.0712826765271,49.4796320305737,54.6275786922475,71.5753340452053,83.9144976966664,78.41832770873,69.0997980938579,,,,,,,,,,,,,,,,,65.9653147364895,60.8440397176229,73.9367835160754,
Northern Mariana Islands,MNP,,,,,,,,,,,,,,,,,,,,,,,,,,,
Mozambique,MOZ,,,,,,,,,,,,,,,,,,,,,,93.2629179302679,78.7751849418814,82.2960592850775,79.5073574616916,102.884165174665,
Mauritania,MRT,,,,,,,,,,,,,,,,,,,,,,,,,,,
Mauritius,MUS,32.8686059430308,35.7506763503128,35.8235591774207,33.5950566069207,31.4104722423048,32.1174433121121,30.1952878006227,39.8174938166736,44.7373479847505,39.0633699371909,41.6926948302421,38.0288957688338,34.6934497337497,33.6988749498688,36.5564718463374,36.7873761596586,35.5204190571818,36.5088808021811,,,,,58.081019070387,57.5442176305334,59.5732899284301,,
Malawi,MWI,,,,,,,,,,,,,,,29.2734146419207,28.0301095494911,27.4257346508333,41.4204771686525,36.2569334751656,40.6328150545127,39.5422371324465,55.1578705122511,34.2946225694095,41.6950114158995,44.8932535547687,,
Malaysia,MYS,41.0697028403447,,,,,,,43.047339208221,45.0766412986635,45.6966383151073,42.0675597614326,40.5883961366256,40.0881257702829,39.7997028374607,50.8357455983458,49.5598230655171,50.0286816425423,51.6464316160996,52.9992519246741,52.6758487332831,53.5744697326154,51.8905275342534,50.0496777374929,51.1859148831795,52.4068120583446,62.0892782356005,
North America,NAC,49.7844533109524,49.4203814537229,46.7338719521999,43.7907770992829,40.1490594219489,35.430491088844,52.8601877224883,53.8750320064886,55.8150840374177,55.8153930807639,55.6412199783978,54.4247735048957,54.2493871228909,62.1188623196429,73.8279483885603,82.1890464843402,86.4423145958259,90.3431867426695,91.8043966046449,91.8874880717526,92.8586895078542,94.6027395894507,93.7048243559877,94.8241297780088,96.4348980178543,153.986696264336,
Namibia,NAM,,,,,,,,,,,,,117.515261124236,1.10133141237365,0.277603198530483,1.60694919254531,7.45061506273455,-1.17072566818484,2.57186406129022,,4.6675823557404,5.28400408169608,5.43638589400979,5.49403520718886,4.63972089744708,,
New Caledonia,NCL,,,,,,,,,,,,,,,,,,,,,,,,,,,
Niger,NER,,,,,,,,,,,,,,,,,,,,,,,,,,,
Nigeria,NGA,,,,,,,,,,,,,,,,,,,,,,,,,,,
Nicaragua,NIC,,,,,,,,,,,,,,,,,,,,,,,,,,,
Netherlands,NLD,,,,,,,,,,,,,,,,,,,,,,,,,,,
Norway,NOR,,,,,,,,,,,,,,,,,,,,,,,,,,,
Nepal,NPL,66.1836432074826,65.1978803839092,59.8824296913156,66.3514434343267,64.0681097896128,64.5733198414706,58.9891415877141,63.9354609821022,62.5881953798115,59.4156672858263,51.7646230480547,49.6869680346867,42.9786611378803,43.799987249558,,33.8625212320188,,,,,,,,,31.77714734741,39.0485631283104,
Nauru,NRU,,,,,,,,,,,,,,,,,,,,,,,,,,,
New Zealand,NZL,,,,,,,,32.7763842551838,48.2453384728239,43.8675166117793,44.1698490827743,42.9524894769889,36.9753526219646,36.0960054063757,31.9414277406372,34.8105506978391,48.1369604506513,51.6576930327511,46.4503228189851,43.9155478633535,42.9398409963186,41.4165686711812,38.6520818145555,36.6123945979297,32.6983458191729,46.3282594247597,
OECD members,OED,51.6888781574724,52.5178529700365,52.4843715478315,53.5647113166841,53.2362648542545,51.1080037810744,62.1812921298859,64.1735688702397,66.348060041632,67.4037309645035,67.5529215105663,66.0239536103426,65.9110994226743,71.9699497755973,84.187276245365,90.0370922732229,95.6858218039883,98.6148005527886,99.7512502300808,102.339488131408,102.866837578307,104.996517109247,104.683236014532,105.424372739954,107.188635505662,145.40624047035,
Oman,OMN,,,,,,,,,,,,,,,,,,,,,,,,,,,
Other small states,OSS,,,,,,,,,,,,,,,,,,,,,,,,,,,
Pakistan,PAK,,,,79.0846919843326,,66.7525020661532,,,,,,,,,,,,,,,,,,,,,
Panama,PAN,,,,,,,,,,,,,,,,,,,,,,,,,,,
Peru,PER,,,,,,,,,,,,32.5394575436311,28.5288183926826,26.076322347553,26.4008658753596,23.6817913396941,20.7202165724133,19.2166594587652,18.3944203835345,19.56538960172,22.865554469277,23.7062564342415,24.6675433222816,25.698548012733,26.5438010535896,34.6689790316381,
Philippines,PHL,53.471178145145,46.5576634189528,48.6978483259554,58.2805829140392,52.8348897149163,58.5984332029896,59.2614955783056,64.715074553291,71.1158091036307,71.6007252032252,65.7097431233166,58.7978739921016,51.5748916279875,52.4322709324654,52.4006931344165,50.1962414764938,48.8058481254572,49.1574552067049,47.1441818576352,43.426338941462,,,,,,,
Palau,PLW,,,,,,,,,,,,,,23.5870748961464,24.2540645724147,32.7515055689109,25.7492274432472,27.2718587480661,23.2213803358581,21.8773371765938,63.4647652747634,67.9578642306403,79.9153024886085,84.8069754127151,87.6081232676878,,
Papua New Guinea,PNG,53.6620013882835,55.6433690965017,62.4046556302616,66.3501460864216,63.5373009220453,57.7415312557776,68.2675567269125,69.7344601261207,,,,,,,,,,,,26.8946120001805,29.8753777382805,33.7401900962348,32.685689411013,36.6742909998618,40.1535903679386,47.0642376079111,
Poland,POL,,,,,,,,,,,,,,,,,,,,,,,,,,,
Pre-demographic dividend,PRE,,,,,,,,,,,,,,,,,,,,,,,,,,,
Puerto Rico,PRI,,,,,,,,,,,,,,,,,,,,,,,,,,,
"Korea, Dem. People's Rep.",PRK,,,,,,,,,,,,,,,,,,,,,,,,,,,
Portugal,PRT,,,,,,,,,,,,,,,,,,,,,,,,,,,
Paraguay,PRY,,,,,,,,,,,,,,,,,,,,,,,,,,,
West Bank and Gaza,PSE,,,,,,,,,,,,,,,,,,,,,,,,,,,
Pacific island small states,PSS,,,,,,,,,,,,,,,,,,,,,,,,,,,
Post-demographic dividend,PST,52.7495993249481,53.8833394750811,53.864953650715,55.8776000461678,54.946109186422,53.0729687266263,62.615003368397,64.6781646631633,67.0978529088111,67.9715588353533,67.9424220961987,66.3388155138054,66.1862216921747,72.916878382843,85.2534225887139,91.205898018943,97.0839201928189,99.9600600262745,101.22133892701,104.248719536546,105.086280821457,107.178206775843,106.893318771463,107.604621655806,109.421328583223,148.742548556538,
French Polynesia,PYF,,,,,,,,,,,,,,,,,,,,,,,,,,,
Qatar,QAT,,,,,,,,,,,,,,,,,,,,,,,,,,,
Romania,ROU,,,,29.4826752270473,30.0096868288152,27.8447345285392,28.5213908344223,27.7857839451243,25.0564148363673,21.6585999412314,19.3532253673283,16.291832889586,17.6136146609596,18.3359551240324,28.2314505483576,34.8993868663963,39.1347061380068,42.3994409589335,43.6501520234569,46.2121722749412,45.2088527255282,46.565699712893,44.0027966103572,42.889912406742,43.4020058297981,57.5320855723549,
Russian Federation,RUS,,,,143.948999533393,100.744137724205,62.1488888669576,48.9836153351704,41.3527168644107,,,16.660868447567,9.89107286043072,7.15843011662711,6.49528743788997,8.69786633508402,9.09810564475071,8.64108194430582,8.55140859340356,9.06725564048848,11.2004612827286,13.5407657768558,14.2417395793548,16.3253741158845,16.1685789853238,17.2760484379376,23.0654650362064,
Rwanda,RWA,,,,,,,,,,,,,,,,,,,,,,,,,,,
South Asia,SAS,49.3635520955449,47.5900259577279,51.7133623209129,54.6406718898366,53.0238082183941,57.6131701588524,58.2403083012161,61.4837679342792,60.9983002514719,63.9335669630337,63.0968778504048,60.5608957350155,58.2814382695973,57.0990812792049,56.3565258678009,52.1164676993338,52.273975406639,51.3498626205799,51.0939279535231,50.7122307254169,50.9981930953647,47.6802448145625,47.6305900583732,46.5703234189969,,,
Saudi Arabia,SAU,,,,,,,,,,,,,,,,,,,,,,,,,,,
Sudan,SDN,,,,7.86949168449653,8.65873242919908,,,,,,,,,,,,,,,,,,,,,,
Senegal,SEN,,,,,,,,,,,,,,,,,,,,,,,,,,,
Singapore,SGP,72.7804903132088,72.735334061978,71.3607292667242,82.599116639914,87.8603784550691,83.842291725532,93.9363125102557,106.332540928351,108.589983770079,101.779018993689,94.9666937754733,82.8374805427534,77.2760743035509,96.4099647516113,106.372468302322,101.449782417951,104.78518384861,107.828093624626,99.4464888561159,99.6097986729595,103.320839751929,109.135825410666,109.351726477937,110.730070870264,128.309259209916,153.411253923168,
Solomon Islands,SLB,,,,,,,,,,,,,,,,,14.1125181117295,11.5356992055448,10.1143628057694,8.72030492433418,6.74187896347841,6.26384902011101,8.32314323884073,7.88506859483654,7.98616968495286,11.3916697162322,
Sierra Leone,SLE,,,,,,,,,,,,,,,,,,,,,,,,,,,
El Salvador,SLV,,,,24.6529338880384,28.1906634561591,27.376408936306,35.370552538118,62.446945384262,57.9112234090821,56.5005963032977,56.2158116750578,50.5122222715281,48.4823724778462,48.4269376195663,58.1469205675387,57.4942866187624,54.5625709816415,54.8523398142256,62.3992767937371,50.8379544344007,51.2784032678648,52.0656561693955,55.248518820306,52.2142820084663,53.8479498941504,71.1911982440646,
San Marino,SMR,,,,,,,,12.7348281481481,26.5286653982985,31.9233677947788,39.3423254303621,47.7656117606838,47.4509601321227,46.8685383304774,46.6074007324324,54.9724926638478,44.8293754612433,51.2177218791033,54.0230135522152,53.3245594404762,56.930229397237,57.3280887283533,54.5934448656939,55.9404542512682,55.0853168718442,98.3476219337259,
Somalia,SOM,,,,,,,,,,,,,,,,,,,,,,,,,,,
Serbia,SRB,,,,,,,,,,,,,,,,,,,,,,,,,,,
Sub-Saharan Africa (excluding high income),SSA,,,,,,,,,,,,,,,,,,,,,,,,,,,
South Sudan,SSD,,,,,,,,,,,,,,,,,,,,,,,,,,,
Sub-Saharan Africa,SSF,,,,,,,,,,,,,,,,,,,,,,,,,,,
Small states,SST,,,,,,,,,,,,,,,,,,,,,,,,,,,
Sao Tome and Principe,STP,,,,,,,,,,,,,,,,,,,,,,,,,,,
Suriname,SUR,,,,,,,,,,,,,,,,,,,,,,,,,,,
Slovak Republic,SVK,,,,37.0639822822596,47.4373858302955,53.944451714151,53.3699584071573,47.4781151636106,45.6721318083454,44.1051880549312,38.6138013357614,36.6097982795857,34.9914915851838,34.0377055527808,42.0443650670806,45.7415854036985,48.7903852276033,58.717692778998,63.4454176842811,66.1077955269676,65.0275578428424,66.6215877670512,64.5268869074966,62.6000980923342,62.2441066896104,78.4825002870082,
Slovenia,SVN,,,,,,,,,,,,,,,,,,,,,,,,,,,
Sweden,SWE,,85.6828801789378,87.9657240939027,87.8663480274327,77.8390669173776,70.2783172649888,60.8697579732008,59.47271638464,58.1800750198535,57.5972530504976,57.8692190775771,51.6324285606285,45.6949689152535,45.6455895855319,46.9234851176251,43.3019148019871,43.6847237255241,43.5102479611743,45.1695424481992,49.4545085693247,47.4343206265975,46.1880562107038,43.9649875224158,42.2826763672394,38.6936123299599,44.4474966635013,
Eswatini,SWZ,,,,,,,,,,,,,,,,,,,,,,,,,,,
Sint Maarten (Dutch part),SXM,,,,,,,,,,,,,,,,,,,,,,,,,,,
Seychelles,SYC,,,,,,,,,,,,,,176.92433805069,100.445570307955,75.3534158588627,78.8413155501667,78.1418056718111,51.5506298157061,66.6245932576679,61.6179358387482,,,,,,
Syrian Arab Republic,SYR,,,,,,,,,,,,,,,,,,,,,,,,,,,
Turks and Caicos Islands,TCA,,,,,,,,,,,,,,,,,,,,,,,,,,,
Chad,TCD,,,,,,,,,,,,,,,,,,,,,,,,,,,
East Asia & Pacific (IDA & IBRD countries),TEA,,,,,,,,,,,,,,,,,,,,,,,,,,,
Europe & Central Asia (IDA & IBRD countries),TEC,,,,95.9373038626833,,,,,,,,,,18.5977915451453,23.4251106757342,22.5800922144674,22.1011090841298,21.7773979204394,20.6586303531987,23.0833757223634,24.546068203315,25.3852691103391,25.8739162308565,25.3474774447751,26.7388017581849,33.9991735483,
Togo,TGO,,,,,,,,,,,,,,,,,,,,,,,,,,,
Thailand,THA,4.61009471231839,3.67349745742469,4.64152040948473,10.6698573854214,20.0057789155598,21.9645865139196,24.5783340358589,30.0703562721572,27.0460183720806,24.3963998008709,25.4581282780769,24.3806591494652,22.9934668319175,22.4502172623288,26.7791952036446,26.9008455437265,28.1319763006874,28.4447160238828,40.0618532889803,36.4966513241117,37.8688674193145,38.4894405797481,,39.2491659155983,40.1326812377463,50.4013057966574,
Tajikistan,TJK,,,,,,114.076117982873,79.804079881426,,,,,,,,,,,,,,,,,,,,
Turkmenistan,TKM,,,,,,,,,,,,,,,,,,,,,,,,,,,
Latin America & the Caribbean (IDA & IBRD countries),TLA,,,,,,,,,,,,,,,,,,,,,,,,,,,
Timor-Leste,TLS,,,,,,,,,,,,,,,,,,,,,,,,,,,
Middle East & North Africa (IDA & IBRD countries),TMN,,,,,,,,,,,,,,,,,,,,,,,,,,,
Tonga,TON,,,,,,,,,,,,,,,,,,,49.0380839800652,47.4764850994565,51.176079919279,49.4146054980866,,,,,
South Asia (IDA & IBRD),TSA,49.3635520955449,47.5900259577279,51.7133623209129,54.6406718898366,53.0238082183941,57.6131701588524,58.2403083012161,61.4837679342792,60.9983002514719,63.9335669630337,63.0968778504048,60.5608957350155,58.2814382695973,57.0990812792049,56.3565258678009,52.1164676993338,52.273975406639,51.3498626205799,51.0939279535231,50.7122307254169,50.9981930953647,47.6802448145625,47.6305900583732,46.5703234189969,,,
Sub-Saharan Africa (IDA & IBRD countries),TSS,,,,,,,,,,,,,,,,,,,,,,,,,,,
Trinidad and Tobago,TTO,,,,,,,,,,,,16.803206848237,15.928004235045,,,,,,,,,,,,,,
Tunisia,TUN,57.518267866149,55.2965179400303,56.9353278066895,54.2817440338334,55.6386363803379,56.7212758294998,56.4678199732883,55.9344340024072,55.0213155722411,53.8375580931292,52.4205297222421,48.5639104645928,45.7824704950416,43.2877054340983,42.9297921509547,38.7660002963438,42.4807224505219,42.5197543010178,,,,,,,,,
Turkiye,TUR,35.8414007648945,37.9207501444174,44.2932887174408,30.2966279950942,,,,,,,,,,40.8891753601982,48.4710258625545,45.145314794996,40.0769538067827,37.9602291228126,32.1216452754771,31.3464166832739,29.0600638875872,30.0735504838055,29.855754409873,29.4517851085721,34.1697334386076,42.0779740298362,
Tuvalu,TUV,,,,,,,,,,,,,,,,,,,,,,,,,,,
Tanzania,TZA,,,,,,,,,,,,,,,,,,,,,,,,,,,
Uganda,UGA,,,,,,,,,,,,,,,,,,,,,,,,34.6735709958932,38.4769453122661,44.1859143089924,
Ukraine,UKR,,,,,60.9764493031386,43.7297874273256,,,,,,,,13.2299542095983,23.9900342329063,28.8666366228354,26.4808201734686,32.445911715199,35.6313995863809,63.6653191884884,70.2588376218982,71.8095454494004,66.7346465062875,56.9059506749708,48.3272696003568,58.7161850732326,
Upper middle income,UMC,,,,,,,,,,,,,,,,,,,,,,,,,,,
Uruguay,URY,,,,,,,40.6433348596506,95.2678607204109,105.602780852245,85.425594123742,76.1144597080025,69.0268963476743,58.5120605304436,57.2526825176099,49.2733292135984,44.2227017546251,45.3514512209494,43.4034504514938,42.7408509975012,44.3579613307475,51.1864800206369,46.6566297381444,45.6161712806294,47.9501297165818,50.9429032006888,60.3998325611352,
United States,USA,47.2095352870886,46.7417685500108,44.1174698332784,41.1291489790385,37.7272782686058,33.2676548646821,52.4436763286348,53.8625140415158,56.2504045927814,56.6622864008834,56.5388479068386,55.4673357624473,55.6599261078117,63.8151298190915,75.8420482989664,84.9644109904045,89.5468170333317,93.6492617595668,95.5346882113219,95.7666986884038,96.4252279492666,98.5041017174837,97.7634725177003,99.178088646151,100.955077184095,161.631918482036,
Uzbekistan,UZB,,,,,,,,,,,,,,,,,,,,,,,,,,,
St. Vincent and the Grenadines,VCT,43.3534141253135,41.6080087595808,39.3831604507018,40.0388592047741,51.9460822416441,47.9118904023639,45.5115550523573,49.5534271823649,52.4828052655123,56.3132516601291,54.2704254951004,51.316492391404,43.8571225963995,43.5145080542255,53.6982410417126,,,,,,,,,,,,
"Venezuela, RB",VEN,,,,,,,,,,,,,,,,,,,,,,,,,,,
British Virgin Islands,VGB,,,,,,,,,,,,,,,,,,,,,,,,,,,
Virgin Islands (U.S.),VIR,,,,,,,,,,,,,,,,,,,,,,,,,,,
Vietnam,VNM,,,,,,,,,,,,,,,,,,,,,,,,,,,
Vanuatu,VUT,24.1834507924015,22.3390410958904,23.3531607922546,28.4031452746136,27.3032116324112,,,,,,,,,,,,,,,,,,,,,,
World,WLD,,,,,,,,,,,,,,,,,,,,,,,,,,,
Samoa,WSM,,,,,,,,,,,,,,,,,,,,,,,,,,,
Kosovo,XKX,,,,,,,,,,,,,,,,,,,,,,,,,,,
"Yemen, Rep.",YEM,,,,,,,,,,,,,,,,,,,,,,,,,,,
South Africa,ZAF,44.8686189886337,44.2298759185659,43.1755459966557,44.6542617733798,42.1780316027359,39.6390583837328,,,,,,,,,,,,,,,,,,,,,
Zambia,ZMB,155.279224614308,175.934490736564,150.072548942759,161.232157851948,,,,,,,,,,,,17.3215114809658,18.0499093578444,23.4889192806696,24.2239941438767,44.3958675879332,49.4073473457883,46.4328935811391,52.2809418398754,59.7122211727371,61.9301173816653,103.698242413644,
Zimbabwe,ZWE,,,,,,,,,,,,,,,,,,,,,,,,,,,
