Country Name,1995,1996,1997,1998,1999,2000,2001,2002,2003,2004,2005,2006,2007,2008,2009,2010,2011,2012,2013,2014,2015,2016,2017,2018,2019,2020,2021
Aruba,73.622,73.646,73.671,73.7,73.738,73.787,73.853,73.937,74.038,74.156,74.287,74.429,74.576,74.725,74.872,75.017,75.158,75.299,75.441,75.583,75.725,75.868,76.01,76.152,76.293,76.434,
Africa Eastern and Southern,50.8084844,50.79615697,50.82061357,50.89760718,51.04419133,51.27612888,51.60645828,52.04314928,52.5858534,53.22891347,53.96655013,54.79170665,55.6823435,56.60979892,57.54877186,58.47069668,59.35359492,60.18556105,60.95336296,61.64736659,62.25928837,62.78768149,63.24626353,63.64898804,64.00521262,64.32570223,
Afghanistan,53.398,53.924,54.424,54.906,55.376,55.841,56.308,56.784,57.271,57.772,58.29,58.826,59.375,59.93,60.484,61.028,61.553,62.054,62.525,62.966,63.377,63.763,64.13,64.486,64.833,65.173,
Africa Western and Central,48.90993678,48.89987529,48.90912995,48.95533902,49.05263892,49.21971381,49.4751356,49.81692863,50.23943237,50.73341665,51.28348666,51.86820257,52.46395756,53.0495004,53.61208951,54.14430671,54.64999813,55.13894432,55.61898641,56.08826904,56.54200914,56.97476115,57.3823627,57.76234679,58.11572272,58.44595273,
Angola,45.246,45.35,45.519,45.763,46.093,46.522,47.059,47.702,48.44,49.263,50.165,51.143,52.177,53.243,54.311,55.35,56.33,57.236,58.054,58.776,59.398,59.925,60.379,60.782,61.147,61.487,
Albania,72.205,72.495,72.838,73.208,73.587,73.955,74.288,74.579,74.828,75.039,75.228,75.423,75.646,75.912,76.221,76.562,76.914,77.252,77.554,77.813,78.025,78.194,78.333,78.458,78.573,78.686,
Andorra,,,,,,,,,,,,,,,,,,,,,,,,,,,
Arab World,66.19610005,66.554103,66.89714478,67.21809146,67.517689,67.80059145,68.07251864,68.34024632,68.61050561,68.88618776,69.16468296,69.43945938,69.70155529,69.94217387,70.15756008,70.34991642,70.52876168,70.7037978,70.8822177,71.06426877,71.24957097,71.43654717,71.62267043,71.80707511,71.98970937,72.17075988,
United Arab Emirates,73.194,73.428,73.657,73.883,74.106,74.327,74.544,74.758,74.968,75.174,75.376,75.573,75.767,75.957,76.145,76.332,76.521,76.711,76.903,77.095,77.285,77.47,77.647,77.814,77.972,78.12,
Argentina,72.651,72.843,73.029,73.213,73.396,73.576,73.755,73.932,74.107,74.28,74.451,74.62,74.787,74.952,75.116,75.278,75.439,75.598,75.756,75.913,76.068,76.221,76.372,76.52,76.667,76.813,
Armenia,68.938,69.404,69.912,70.434,70.944,71.409,71.8,72.112,72.348,72.513,72.626,72.716,72.815,72.946,73.118,73.331,73.572,73.82,74.056,74.273,74.467,74.64,74.797,74.945,75.087,75.224,
American Samoa,,,,,,,,,,,,,,,,,,,,,,,,,,,
Antigua and Barbuda,72.732,72.977,73.222,73.465,73.705,73.94,74.171,74.395,74.613,74.821,75.019,75.204,75.376,75.535,75.683,75.823,75.956,76.087,76.218,76.349,76.483,76.617,76.752,76.885,77.016,77.146,
Australia,77.82926829,78.07804878,78.4804878,78.63170732,78.93170732,79.23414634,79.63414634,79.93658537,80.23902439,80.4902439,80.84146341,81.04146341,81.29268293,81.39512195,81.54390244,81.69512195,81.89512195,82.04634146,82.14878049,82.3,82.4,82.44878049,82.5,82.74878049,82.9,83.2,
Austria,76.66829268,76.87073171,77.3195122,77.67073171,77.87560976,78.12682927,78.57560976,78.67804878,78.63170732,79.1804878,79.33170732,79.8804878,80.1804878,80.43170732,80.33170732,80.5804878,80.98292683,80.93658537,81.13658537,81.4902439,81.1902439,81.64146341,81.64390244,81.69268293,81.89512195,81.19268293,
Azerbaijan,65.256,65.573,65.899,66.207,66.491,66.763,67.054,67.391,67.791,68.249,68.747,69.259,69.752,70.201,70.597,70.938,71.234,71.506,71.768,72.022,72.266,72.493,72.693,72.864,73.005,73.123,
Burundi,46.758,46.905,47.226,47.708,48.339,49.091,49.93,50.81,51.69,52.547,53.369,54.163,54.944,55.721,56.488,57.228,57.925,58.568,59.148,59.665,60.123,60.528,60.898,61.247,61.584,61.916,
Belgium,76.84073171,77.18731707,77.37073171,77.47317073,77.6195122,77.72195122,77.97317073,78.07560976,78.12926829,78.87804878,78.9804878,79.3804878,79.78292683,79.6804878,80.03414634,80.18292683,80.58536585,80.38536585,80.58780488,81.28780488,80.99268293,81.43902439,81.49268293,81.59512195,81.99512195,80.79512195,
Benin,55.203,55.17,55.133,55.139,55.218,55.391,55.668,56.025,56.436,56.887,57.355,57.817,58.255,58.654,59.009,59.318,59.59,59.842,60.092,60.345,60.608,60.885,61.174,61.47,61.771,62.077,
Burkina Faso,49.445,49.557,49.713,49.914,50.168,50.489,50.893,51.384,51.956,52.602,53.31,54.063,54.841,55.618,56.377,57.096,57.761,58.374,58.937,59.45,59.919,60.354,60.768,61.174,61.577,61.981,
Bangladesh,62.002,62.798,63.553,64.25,64.881,65.447,65.956,66.43,66.886,67.331,67.773,68.213,68.648,69.072,69.485,69.881,70.256,70.606,70.93,71.231,71.514,71.785,72.052,72.32,72.591,72.868,
Bulgaria,71.05341463,70.89731707,70.35121951,71.06097561,71.41219512,71.66341463,71.76829268,71.86585366,72.06585366,72.56341463,72.56097561,72.61219512,72.66341463,72.96341463,73.41219512,73.51219512,74.16341463,74.31463415,74.86097561,74.46585366,74.61463415,74.81219512,74.81463415,74.96341463,75.11219512,73.60731707,
Bahrain,73.413,73.619,73.826,74.033,74.239,74.44,74.635,74.822,74.999,75.167,75.326,75.478,75.625,75.77,75.913,76.057,76.2,76.342,76.484,76.624,76.762,76.899,77.032,77.163,77.292,77.419,
"Bahamas, The",71.451,71.589,71.698,71.786,71.858,71.914,71.954,71.977,71.986,71.988,71.987,71.988,71.998,72.022,72.067,72.144,72.263,72.424,72.62,72.847,73.088,73.329,73.554,73.752,73.918,74.053,
Bosnia and Herzegovina,71.645,72.307,72.976,73.569,74.05,74.403,74.637,74.803,74.941,75.068,75.198,75.342,75.498,75.665,75.844,76.031,76.219,76.401,76.569,76.723,76.865,76.998,77.128,77.262,77.401,77.545,
Belarus,68.46097561,68.51219512,68.46097561,68.40731707,67.90731707,68.91219512,68.50731707,68.05609756,68.55365854,68.95609756,68.85121951,69.40487805,70.20731707,70.45609756,70.40731707,70.40487805,70.55365854,71.96585366,72.47073171,72.97073171,73.62439024,73.82682927,74.12926829,74.17560976,74.22682927,74.22682927,
Belize,69.439,69.1,68.858,68.734,68.734,68.847,69.04,69.272,69.511,69.749,69.998,70.286,70.636,71.059,71.541,72.057,72.57,73.044,73.452,73.782,74.034,74.219,74.365,74.496,74.623,74.754,
Bermuda,,,,,,77.88536585,77.88536585,78.08780488,78.33414634,78.48536585,78.68536585,78.88780488,78.93414634,79.23658537,79.38843902,79.28853659,81.15268293,81.67780488,80.57243902,80.79731707,81.01219512,81.22707317,81.44195122,81.65170732,81.86658537,82.05609756,
Bolivia,59.276,59.922,60.566,61.204,61.835,62.452,63.054,63.64,64.21,64.766,65.312,65.853,66.395,66.937,67.476,68.007,68.521,69.01,69.468,69.891,70.277,70.626,70.945,71.239,71.513,71.771,
Brazil,68.318,68.695,69.061,69.419,69.769,70.116,70.462,70.813,71.17,71.531,71.896,72.26,72.618,72.966,73.3,73.619,73.921,74.209,74.483,74.745,74.994,75.23,75.456,75.672,75.881,76.084,
Barbados,75.852,76.131,76.41,76.68,76.933,77.162,77.362,77.534,77.682,77.808,77.915,78.009,78.097,78.184,78.272,78.364,78.456,78.547,78.633,78.717,78.801,78.888,78.981,79.081,79.19,79.308,
Brunei Darussalam,71.465,71.727,71.994,72.265,72.538,72.809,73.076,73.332,73.575,73.801,74.006,74.189,74.351,74.494,74.623,74.74,74.852,74.962,75.075,75.193,75.318,75.45,75.585,75.722,75.86,75.998,
Bhutan,56.636,57.418,58.236,59.089,59.974,60.884,61.808,62.728,63.624,64.483,65.289,66.031,66.709,67.325,67.882,68.384,68.84,69.263,69.662,70.046,70.419,70.781,71.129,71.46,71.777,72.08,
Botswana,54.41,53.572,52.749,51.947,51.214,50.629,50.281,50.232,50.518,51.15,52.13,53.435,54.983,56.679,58.447,60.211,61.91,63.511,64.976,66.265,67.338,68.178,68.812,69.275,69.592,69.793,
Central African Republic,46.53,45.922,45.353,44.857,44.461,44.19,44.061,44.063,44.182,44.413,44.744,45.158,45.636,46.161,46.719,47.312,47.95,48.638,49.371,50.129,50.881,51.593,52.24,52.805,53.283,53.679,
Canada,78.02926829,78.1804878,78.43170732,78.63414634,78.88536585,79.13658537,79.33902439,79.4902439,79.74146341,79.89268293,80.19268293,80.34390244,80.54390244,80.69512195,80.99512195,81.24634146,81.44878049,81.64878049,81.74878049,81.8,81.9,81.9,81.9,82.04878049,82.04878049,81.74878049,
Central Europe and the Baltics,71.02542143,71.33605802,71.51725807,71.89823768,72.18456107,72.71972472,73.09614819,73.24241549,73.38225278,73.73043493,73.84499514,74.09260273,74.25064872,74.57595268,74.93036393,75.29396578,75.88847488,75.9934886,76.35516299,76.67562361,76.57187776,76.96981142,76.94744264,76.97682268,77.26684409,76.1441688,
Switzerland,78.41707317,78.89609756,79.0795122,79.32439024,79.5804878,79.6804878,80.1804878,80.38536585,80.53658537,81.08780488,81.23658537,81.4902439,81.74146341,81.99268293,82.04390244,82.24634146,82.69512195,82.69756098,82.79756098,83.19756098,82.89756098,83.60243902,83.55121951,83.75365854,83.90487805,83.1,
Channel Islands,77.184,77.616,78.028,78.406,78.742,79.037,79.3,79.548,79.795,80.045,80.298,80.553,80.802,81.041,81.268,81.483,81.688,81.883,82.071,82.252,82.429,82.6,82.766,82.928,83.086,83.24,
Chile,74.957,75.244,75.53,75.813,76.092,76.366,76.634,76.894,77.146,77.391,77.63,77.865,78.099,78.33,78.558,78.779,78.986,79.176,79.349,79.504,79.646,79.779,79.909,80.042,80.181,80.329,
China,69.885,70.14,70.428,70.737,71.063,71.397,71.732,72.061,72.381,72.689,72.985,73.271,73.553,73.835,74.119,74.409,74.708,75.013,75.321,75.629,75.928,76.21,76.47,76.704,76.912,77.097,
Cote d'Ivoire,51.569,51.109,50.657,50.242,49.891,49.635,49.495,49.475,49.572,49.788,50.12,50.561,51.091,51.682,52.313,52.964,53.62,54.271,54.906,55.508,56.065,56.567,57.017,57.422,57.783,58.104,
Cameroon,51.554,51.238,51.009,50.885,50.878,50.993,51.222,51.536,51.908,52.321,52.76,53.215,53.681,54.153,54.627,55.101,55.581,56.073,56.576,57.083,57.583,58.063,58.511,58.921,59.292,59.626,
"Congo, Dem. Rep.",49.111,49.04,49.066,49.233,49.557,50.041,50.667,51.385,52.144,52.917,53.675,54.401,55.091,55.743,56.35,56.909,57.427,57.914,58.381,58.828,59.254,59.655,60.026,60.368,60.681,60.971,
"Congo, Rep.",52.583,52.252,52.016,51.899,51.925,52.123,52.517,53.091,53.817,54.667,55.6,56.573,57.541,58.466,59.321,60.093,60.785,61.423,62.022,62.582,63.097,63.556,63.954,64.29,64.57,64.804,
Colombia,71.112,71.497,71.887,72.264,72.619,72.945,73.241,73.517,73.777,74.026,74.265,74.5,74.732,74.962,75.193,75.424,75.655,75.882,76.105,76.322,76.531,76.732,76.925,77.109,77.287,77.46,
Comoros,58.722,58.972,59.16,59.294,59.388,59.46,59.529,59.617,59.738,59.904,60.126,60.407,60.734,61.094,61.475,61.862,62.24,62.595,62.922,63.214,63.471,63.7,63.912,64.118,64.321,64.525,
Cabo Verde,66.224,66.596,67.026,67.512,68.041,68.583,69.099,69.557,69.932,70.219,70.424,70.565,70.676,70.786,70.911,71.062,71.243,71.445,71.661,71.886,72.117,72.347,72.57,72.782,72.981,73.166,
Costa Rica,76.579,76.765,76.948,77.124,77.293,77.452,77.601,77.74,77.871,77.996,78.117,78.239,78.362,78.491,78.626,78.769,78.919,79.074,79.234,79.398,79.565,79.738,79.914,80.095,80.279,80.465,
Caribbean small states,70.93751467,71.02898551,71.1637653,71.21031083,71.31027893,71.41917942,71.53799942,71.71336257,71.79199379,71.923541,72.05570873,72.18703608,72.31605654,72.4407885,72.56174942,72.67940423,72.79529509,72.91180938,73.03013854,73.15059179,73.2730249,73.39595799,73.51748995,73.63710628,73.75473231,73.87090598,
Cuba,75.412,75.686,75.964,76.23,76.475,76.699,76.905,77.105,77.303,77.499,77.688,77.864,78.019,78.15,78.256,78.338,78.4,78.446,78.485,78.521,78.561,78.607,78.662,78.726,78.802,78.892,
Curacao,,,,,,,,,,,,74.7097561,75.36341463,75.3097561,76.15609756,,77.47317073,77.52439024,77.82682927,77.97560976,78.07560976,77.7195122,78.01707317,,,,
Cayman Islands,,,,,,,,,,,,,,,,82.1902439,,,,,,,,,,,
Cyprus,77.312,77.456,77.598,77.738,77.875,78.009,78.139,78.264,78.385,78.506,78.63,78.764,78.91,79.071,79.245,79.43,79.621,79.812,79.999,80.178,80.35,80.513,80.672,80.828,80.982,81.135,
Czechia,73.07487805,73.71463415,73.82487805,74.51463415,74.66829268,74.96829268,75.17317073,75.22195122,75.17073171,75.72195122,75.92439024,76.52439024,76.72439024,76.97560976,77.07804878,77.42439024,77.87317073,78.07560976,78.17560976,78.82439024,78.57804878,79.02682927,78.97804878,79.02926829,79.22926829,78.22682927,
Germany,76.42195122,76.67317073,77.07317073,77.47560976,77.72682927,77.92682927,78.32926829,78.22926829,78.3804878,78.6804878,78.93170732,79.13170732,79.53414634,79.73658537,79.83658537,79.98780488,80.43658537,80.53902439,80.4902439,81.0902439,80.64146341,80.9902439,80.99268293,80.89268293,81.29268293,80.94146341,
Djibouti,57.065,57.05,57.022,56.998,56.992,57.022,57.1,57.235,57.427,57.682,57.991,58.34,58.719,59.124,59.561,60.062,60.667,61.395,62.239,63.171,64.136,65.064,65.893,66.582,67.112,67.49,
Dominica,,,75.95121951,,,,,76.59756098,,,,,,,,,,,,,,,,,,,
Denmark,75.21268293,75.59146341,75.94512195,76.13902439,76.34146341,76.59268293,76.79268293,76.89512195,77.14390244,77.49268293,77.84390244,78.09512195,78.19512195,78.44634146,78.59756098,79.1,79.8,80.05121951,80.3,80.7,80.70243902,80.85365854,81.10243902,80.95365854,81.45121951,81.55121951,
Dominican Republic,68.164,68.425,68.677,68.925,69.175,69.429,69.69,69.957,70.227,70.499,70.771,71.041,71.304,71.559,71.806,72.046,72.284,72.523,72.763,73.003,73.241,73.471,73.689,73.892,74.081,74.257,
Algeria,68.54,68.919,69.323,69.745,70.183,70.64,71.116,71.605,72.101,72.594,73.072,73.521,73.936,74.311,74.644,74.938,75.199,75.436,75.661,75.878,76.09,76.298,76.499,76.693,76.88,77.063,
East Asia & Pacific (excluding high income),68.77412444,69.01087448,69.27021865,69.54577635,69.83606727,70.13617701,70.44228545,70.74836533,71.05126632,71.34881739,71.6407033,71.92756969,72.21234651,72.49664016,72.78072417,73.06626429,73.35573867,73.64769112,73.9384118,74.22573699,74.50227185,74.76204668,75.0019151,75.21766316,75.40970324,75.5811244,
Early-demographic dividend,62.61931898,63.0057222,63.37328621,63.72612031,64.06879148,64.40307724,64.73386604,65.0651669,65.40225897,65.74821736,66.10620881,66.48034464,66.86664715,67.26249961,67.66168986,68.05602104,68.43890413,68.80320526,69.1451634,69.46091897,69.74850623,70.01123507,70.2542347,70.48323834,70.70120132,70.91123941,
East Asia & Pacific,69.79646699,70.06449976,70.32575167,70.5848518,70.85517128,71.17191877,71.48171716,71.77476486,72.06752825,72.36114457,72.62462075,72.9216443,73.20093388,73.4698955,73.75912516,74.01299917,74.26612883,74.56283254,74.84944386,75.12686996,75.39461357,75.63814963,75.86925064,76.07251549,76.26687587,76.44497872,
Europe & Central Asia (excluding high income),65.90717132,66.57265993,67.24874971,67.58070888,67.30698285,67.33756643,67.49194533,67.58726493,67.70344673,68.058523,68.18494858,68.83748419,69.35985169,69.70039646,70.3066155,70.6532977,71.20976379,71.59304497,72.02450983,72.26466946,72.5943148,72.95392532,73.42307659,73.60003336,73.87585437,73.10399473,
Europe & Central Asia,71.68293345,72.11868203,72.5345485,72.85472778,72.87302438,73.02894839,73.29355114,73.40648789,73.51456562,73.95827902,74.1204196,74.61818817,74.97592391,75.24372541,75.64266213,75.94492436,76.46043573,76.62261393,76.95625308,77.2831149,77.240549,77.59564067,77.78995657,77.90925304,78.15912746,77.3901513,
Ecuador,70.972,71.348,71.716,72.075,72.425,72.761,73.078,73.371,73.641,73.887,74.112,74.319,74.514,74.705,74.895,75.089,75.289,75.495,75.707,75.923,76.143,76.365,76.584,76.8,77.01,77.216,
"Egypt, Arab Rep.",66.779,67.249,67.68,68.051,68.357,68.602,68.796,68.961,69.116,69.271,69.434,69.608,69.788,69.971,70.159,70.349,70.543,70.736,70.928,71.117,71.302,71.482,71.656,71.825,71.99,72.15,
Euro area,76.95586062,77.21844944,77.58153598,77.79717886,78.0212365,78.27507038,78.59711255,78.68446787,78.70717949,79.27870164,79.42628302,79.8561324,80.09988192,80.30291579,80.50518151,80.74678096,81.23282485,81.22715818,81.51232872,81.9429827,81.5692291,81.95454532,81.93231636,82.04958117,82.32618278,81.53588281,
Eritrea,52.316,52.938,53.548,54.137,54.707,55.273,55.864,56.5,57.191,57.932,58.707,59.487,60.243,60.952,61.602,62.193,62.732,63.238,63.726,64.201,64.664,65.111,65.538,65.941,66.321,66.679,
Spain,77.98073171,78.1204878,78.60414634,78.66585366,78.71707317,78.96585366,79.36829268,79.56829268,79.6195122,79.87073171,80.17073171,80.82195122,80.87317073,81.17560976,81.47560976,81.62682927,82.47560976,82.42682927,83.07804878,83.22926829,82.83170732,83.32926829,83.28292683,83.43170732,83.83170732,82.33414634,
Estonia,67.54390244,69.61219512,69.8097561,69.35853659,70.06341463,70.41707317,70.25853659,70.90487805,71.31707317,71.9097561,72.56829268,72.69146341,72.81463415,73.77073171,74.82439024,75.42926829,76.22926829,76.32682927,77.14146341,77.03414634,77.5902439,77.64146341,78.09268293,78.24390244,78.64634146,78.34634146,
Ethiopia,49.303,49.81,50.32,50.835,51.366,51.941,52.595,53.349,54.211,55.174,56.223,57.334,58.467,59.581,60.645,61.627,62.505,63.281,63.961,64.547,65.048,65.482,65.872,66.24,66.597,66.953,
European Union,75.67686843,75.92796867,76.24551915,76.51451716,76.74858194,77.0784478,77.42548338,77.53272154,77.59066196,78.1157576,78.27264114,78.66892325,78.90203604,79.12549885,79.35722831,79.62942605,80.13777291,80.15688817,80.46374092,80.87044756,80.56680714,80.94986464,80.93083864,81.02702351,81.31327017,80.46370189,
Fragile and conflict affected situations,54.41738995,54.55743874,54.74034761,54.96299994,55.10745389,55.31225032,55.60177688,55.96063274,56.32632022,56.73374431,57.1576744,57.62763052,58.10817589,58.57785206,59.09118688,59.59146924,60.04032162,60.45111504,60.85289768,61.22457379,61.57315709,61.91091159,62.22447221,62.49355186,62.76996572,62.99260208,
Finland,76.4095122,76.69341463,76.87853659,77.09073171,77.29121951,77.46585366,77.96585366,78.1195122,78.36829268,78.71463415,78.81707317,79.21463415,79.26341463,79.56829268,79.7195122,79.87073171,80.47073171,80.62682927,80.97560976,81.1804878,81.4804878,81.42926829,81.63170732,81.73414634,81.98292683,82.13170732,
Fiji,65.15,65.175,65.246,65.36,65.512,65.687,65.863,66.022,66.152,66.247,66.313,66.362,66.413,66.477,66.559,66.655,66.759,66.859,66.95,67.03,67.103,67.175,67.252,67.341,67.444,67.561,
France,77.75121951,77.95365854,78.30487805,78.60487805,78.75609756,79.05609756,79.15853659,79.26097561,79.11463415,80.16341463,80.16341463,80.81219512,81.11219512,81.21463415,81.41463415,81.66341463,82.11463415,81.96829268,82.2195122,82.7195122,82.32195122,82.57317073,82.57560976,82.67560976,82.82682927,82.17560976,
Faroe Islands,77.36585366,77.56829268,77.82195122,78.02682927,78.23170732,78.43658537,78.64146341,78.84390244,78.94390244,79.09268293,79.2902439,79.63902439,79.98780488,80.13658537,80.38536585,80.68780488,80.93902439,81.1902439,81.44146341,81.59268293,81.79268293,82.09268293,82.29268293,82.54390244,82.79268293,83.09268293,
"Micronesia, Fed. Sts.",64.049,64.121,64.202,64.298,64.413,64.55,64.71,64.888,65.08,65.282,65.489,65.697,65.901,66.099,66.29,66.471,66.646,66.817,66.986,67.152,67.315,67.471,67.618,67.755,67.883,68.002,
Gabon,60.175,59.854,59.479,59.066,58.646,58.264,57.968,57.791,57.759,57.885,58.181,58.641,59.229,59.904,60.637,61.4,62.168,62.924,63.648,64.318,64.913,65.418,65.839,66.187,66.467,66.69,
United Kingdom,76.83658537,77.08780488,77.21097561,77.1902439,77.3902439,77.74146341,77.99268293,78.14390244,78.44634146,78.74634146,79.04878049,79.24878049,79.44878049,79.6,80.05121951,80.40243902,80.95121951,80.90487805,81.00487805,81.30487805,80.95609756,81.15609756,81.25609756,81.25609756,81.20487805,80.90243902,
Georgia,69.718,69.635,69.613,69.654,69.756,69.902,70.065,70.22,70.349,70.451,70.538,70.635,70.765,70.946,71.18,71.46,71.773,72.097,72.412,72.707,72.973,73.207,73.414,73.6,73.767,73.919,
Ghana,57.528,57.366,57.187,57.045,56.972,57.002,57.158,57.425,57.785,58.225,58.719,59.234,59.741,60.216,60.645,61.03,61.381,61.72,62.064,62.416,62.772,63.124,63.463,63.78,64.074,64.347,
Gibraltar,,,,,,,,,,,,,,,,,,,,,,,,,,,
Guinea,51.744,51.727,51.616,51.456,51.295,51.203,51.255,51.484,51.901,52.499,53.238,54.052,54.864,55.614,56.279,56.861,57.387,57.905,58.447,59.016,59.598,60.17,60.706,61.185,61.602,61.962,
"Gambia, The",53.889,54.296,54.715,55.133,55.547,55.956,56.359,56.761,57.159,57.553,57.939,58.313,58.671,59.012,59.334,59.637,59.917,60.178,60.426,60.667,60.91,61.166,61.44,61.735,62.05,62.383,
Guinea-Bissau,48.658,48.973,49.301,49.642,49.999,50.368,50.744,51.123,51.501,51.883,52.275,52.691,53.136,53.612,54.113,54.628,55.144,55.645,56.117,56.556,56.959,57.328,57.673,58.003,58.322,58.634,
Equatorial Guinea,51.184,51.659,52.112,52.538,52.93,53.279,53.581,53.84,54.064,54.263,54.449,54.638,54.842,55.07,55.329,55.622,55.945,56.288,56.642,57.001,57.359,57.713,58.061,58.402,58.735,59.057,
Greece,77.58536585,77.68536585,78.13658537,77.83902439,77.98780488,77.88780488,78.38780488,78.64146341,78.84146341,79.03902439,79.23902439,79.43902439,79.43902439,79.93902439,80.18780488,80.38780488,80.73170732,80.63414634,81.28536585,81.38536585,81.03658537,81.38780488,81.28780488,81.78780488,81.63902439,81.08780488,
Grenada,71.356,71.673,71.964,72.226,72.455,72.648,72.805,72.929,73.023,73.088,73.123,73.125,73.096,73.038,72.96,72.867,72.768,72.669,72.579,72.503,72.445,72.408,72.388,72.384,72.397,72.426,
Greenland,65.64414634,65.76731707,65.79804878,66.15707317,66.35902439,66.22243902,66.70926829,67.19634146,68.11487805,68.59268293,68.42731707,68.66658537,69.37268293,70.01512195,70.53195122,70.29195122,69.85414634,70.55,71.57341463,71.98560976,71.97731707,71.82512195,71.5797561,71.88658537,72.04756098,71.40463415,
Guatemala,65.09,65.678,66.257,66.817,67.351,67.849,68.304,68.717,69.092,69.437,69.762,70.082,70.409,70.75,71.108,71.481,71.861,72.236,72.596,72.935,73.25,73.541,73.81,74.063,74.302,74.529,
Guam,73.267,73.589,73.93,74.283,74.646,75.011,75.373,75.726,76.065,76.387,76.687,76.966,77.227,77.474,77.71,77.941,78.173,78.408,78.649,78.895,79.144,79.391,79.631,79.859,80.074,80.277,
Guyana,64.064,64.255,64.468,64.705,64.964,65.242,65.532,65.828,66.122,66.412,66.694,66.972,67.247,67.521,67.792,68.059,68.321,68.575,68.819,69.049,69.262,69.454,69.624,69.774,69.906,70.023,
High income,76.13454254,76.49152348,76.81742703,77.01336357,77.16994801,77.45566947,77.75335903,77.88920711,78.02151951,78.43305413,78.53840333,78.84838467,79.08900378,79.23682496,79.52696221,79.70730434,79.96169791,80.0797453,80.26669177,80.51905621,80.39818488,80.54730966,80.59037948,80.69046098,80.88625245,80.21053064,
"Hong Kong SAR, China",78.68292683,79.62682927,80.12682927,80.13170732,80.38292683,80.87804878,81.42439024,81.42682927,81.37804878,81.82926829,81.62926829,82.37560976,82.32682927,82.37560976,82.77560976,82.97804878,83.42195122,83.4804878,83.83170732,83.9804878,84.27804878,84.22682927,84.6804878,84.93414634,85.07804878,85.38780488,
Honduras,68.871,69.284,69.676,70.041,70.378,70.689,70.976,71.249,71.511,71.77,72.026,72.285,72.544,72.803,73.061,73.317,73.569,73.814,74.051,74.278,74.495,74.701,74.898,75.088,75.27,75.448,
Heavily indebted poor countries (HIPC),50.66226985,50.89472214,51.16403683,51.47749269,51.84219216,52.26410061,52.74934234,53.29664728,53.90032259,54.5520779,55.24228463,55.96161697,56.69696411,57.43356861,58.15822389,58.85894745,59.52887102,60.16656535,60.77033533,61.33431413,61.85295289,62.32328464,62.74867177,63.13499116,63.48645533,63.80962796,
Croatia,72.08439024,72.36536585,72.49512195,72.31707317,72.64195122,72.80780488,74.51292683,74.71731707,74.61390244,75.5202439,75.24463415,75.83682927,75.70560976,75.91219512,76.16829268,76.47560976,76.77560976,76.92439024,77.12682927,77.47804878,77.27560976,78.02195122,77.82682927,78.07073171,78.42439024,77.72439024,
Haiti,55.829,56.121,56.393,56.648,56.891,57.131,57.382,57.655,57.959,58.292,58.652,59.028,59.408,59.782,60.148,60.511,60.879,61.26,61.658,62.069,62.485,62.896,63.29,63.66,64.001,64.315,
Hungary,69.79170732,70.32878049,70.70243902,70.55780488,70.67707317,71.24634146,72.24878049,72.34878049,72.3,72.64878049,72.64878049,73.09756098,73.15121951,73.70243902,73.90487805,74.20731707,74.85853659,75.06341463,75.56585366,75.76341463,75.56829268,76.06341463,75.81707317,76.06585366,76.3195122,75.61707317,
IBRD only,66.53916237,66.8727608,67.21089428,67.52017367,67.77000191,68.05261886,68.34249925,68.62331705,68.90467733,69.20957749,69.49564016,69.83291886,70.16342974,70.48349963,70.83254022,71.16180256,71.51024622,71.82971652,72.14643098,72.43263708,72.70217789,72.96134179,73.20754938,73.41233043,73.61554424,73.70172059,
IDA & IBRD total,64.11201993,64.40342324,64.70581156,64.98075982,65.21803641,65.49042859,65.77260152,66.05610476,66.34976745,66.6704732,66.98403419,67.34296566,67.70002763,68.04951694,68.4189904,68.76825601,69.12772485,69.4611474,69.78776043,70.08555605,70.36392899,70.62709533,70.87332642,71.08109917,71.28109989,71.388233,
IDA total,54.59521447,54.8375648,55.09844716,55.37461206,55.67920018,56.0146035,56.3889791,56.80357121,57.26017538,57.75458058,58.27957939,58.82724361,59.38746957,59.94514258,60.48783245,61.0067031,61.49973267,61.96757461,62.41367165,62.83647928,63.23250634,63.59930113,63.93709809,64.2486762,64.53694883,64.80394374,
IDA blend,54.88442815,54.88165486,54.90899442,54.95880885,55.04928879,55.19353906,55.39921755,55.67027371,55.99178942,56.37096256,56.79777194,57.26156366,57.74881487,58.24290389,58.73064721,59.20835377,59.66462167,60.09325422,60.50417686,60.89369396,61.25627871,61.58796584,61.8891292,62.16186739,62.40899722,62.63495007,
Indonesia,64.291,64.637,64.954,65.244,65.513,65.772,66.037,66.321,66.631,66.969,67.334,67.717,68.105,68.485,68.853,69.205,69.542,69.866,70.179,70.481,70.768,71.035,71.282,71.509,71.716,71.908,
IDA only,54.45048379,54.81549582,55.1933651,55.58308362,55.9951362,56.42640581,56.88507354,57.37109348,57.89443919,58.44575614,59.01938614,59.60886068,60.20585992,60.79602418,61.3672131,61.90857485,62.42208014,62.91111632,63.37647088,63.81753712,64.23166675,64.61707349,64.97389628,65.30530983,65.61430772,65.90163156,
Isle of Man,,,,,,,,77.96585366,,,,,,,,,,,,,,,,,,,
India,60.32,60.783,61.233,61.669,62.093,62.505,62.907,63.304,63.699,64.095,64.5,64.918,65.35,65.794,66.244,66.693,67.13,67.545,67.931,68.286,68.607,68.897,69.165,69.416,69.656,69.887,
Not classified,,,,,,,,,,,,,,,,,,,,,,,,,,,
Ireland,75.61756098,75.83170732,75.98536585,76.1804878,76.08292683,76.53658537,77.13414634,77.63414634,78.13902439,78.53902439,78.94390244,79.24146341,79.64146341,80.09512195,80.1902439,80.74390244,80.74634146,80.84634146,80.94878049,81.34878049,81.45365854,81.65365854,82.15609756,82.20487805,82.70243902,82.20487805,
"Iran, Islamic Rep.",68.377,68.791,69.139,69.471,69.813,70.176,70.553,70.921,71.265,71.592,71.917,72.257,72.626,73.027,73.457,73.905,74.352,74.776,75.162,75.502,75.796,76.047,76.271,76.479,76.677,76.87,
Iraq,68.446,68.731,68.936,69.06,69.108,69.082,68.983,68.827,68.636,68.437,68.266,68.157,68.13,68.19,68.34,68.567,68.848,69.148,69.437,69.7,69.929,70.122,70.294,70.454,70.604,70.748,
Iceland,77.98439024,78.77780488,78.88536585,79.60243902,79.35121951,79.65365854,80.6902439,80.50243902,80.96341463,80.99756098,81.50243902,81.15853659,81.45365854,81.6097561,81.75121951,81.89756098,82.35853659,82.91707317,82.06097561,82.86097561,82.46829268,82.20487805,82.66097561,82.86097561,83.16341463,83.06585366,
Israel,77.45121951,78.10487805,78,78.14878049,78.65853659,78.95365854,79.40731707,79.45121951,79.64878049,80.14634146,80.15121951,80.55365854,80.50487805,80.95121951,81.40487805,81.60243902,81.65609756,81.70487805,82.05609756,82.15365854,82.05121951,82.40731707,82.55121951,82.80243902,82.80487805,82.7,
Italy,78.17073171,78.52195122,78.82439024,78.97560976,79.42439024,79.77804878,80.12682927,80.22926829,79.98292683,80.7804878,80.78292683,81.28292683,81.43414634,81.48536585,81.63658537,82.03658537,82.18780488,82.23902439,82.6902439,83.0902439,82.54390244,83.24390244,82.94634146,83.34634146,83.49756098,82.34390244,
Jamaica,74.133,74.167,74.172,74.164,74.152,74.142,74.139,74.14,74.142,74.146,74.148,74.143,74.129,74.103,74.071,74.038,74.012,74.001,74.01,74.042,74.098,74.175,74.267,74.368,74.475,74.586,
Jordan,70.885,71.053,71.219,71.386,71.556,71.73,71.907,72.083,72.256,72.427,72.595,72.763,72.931,73.099,73.266,73.428,73.581,73.722,73.851,73.969,74.078,74.184,74.292,74.405,74.526,74.655,
Japan,79.53634146,80.2002439,80.42414634,80.50146341,80.57073171,81.07609756,81.41707317,81.56341463,81.76,82.0302439,81.92512195,82.32195122,82.50707317,82.58756098,82.93146341,82.84268293,82.59121951,83.09609756,83.33195122,83.58780488,83.79390244,83.98487805,84.0997561,84.21097561,84.35634146,84.61560976,
Kazakhstan,63.5,63.6,64,64.5,65.63,65.45,65.76,65.95,65.74,66.06,65.86,66.15,66.34,67.11,68.39,68.45,68.69,69.52,70.62,71.44,71.97,72.41,72.95,73.15,73.18,71.37,
Kenya,53.486,52.709,52.014,51.448,51.059,50.921,51.101,51.606,52.41,53.475,54.732,56.093,57.463,58.76,59.932,60.959,61.851,62.659,63.419,64.135,64.798,65.393,65.909,66.342,66.699,66.991,
Kyrgyz Republic,65.7902439,66.54390244,66.89268293,67.05121951,68.65609756,68.55853659,68.70731707,68.15609756,68.25609756,68.15365854,67.95609756,67.69512195,67.89512195,68.45121951,69.10243902,69.3,69.60243902,70.00243902,70.20243902,70.40243902,70.65121951,70.95121951,71.2,71.4,71.6,71.8,
Cambodia,55.189,55.653,56.212,56.862,57.604,58.432,59.335,60.283,61.241,62.186,63.088,63.927,64.697,65.394,66.014,66.56,67.043,67.48,67.888,68.273,68.637,68.977,69.289,69.57,69.823,70.054,
Kiribati,61.539,61.866,62.188,62.509,62.829,63.144,63.446,63.731,63.995,64.242,64.478,64.712,64.953,65.208,65.48,65.769,66.072,66.381,66.69,66.995,67.291,67.577,67.851,68.116,68.369,68.611,
St. Kitts and Nevis,,,70.03634146,,,,,71.33658537,,,,,,,,,,,,,,,,,,,
"Korea, Rep.",73.7,74.15121951,74.60243902,75.00487805,75.4097561,75.9097561,76.41219512,76.76585366,77.21463415,77.66585366,78.16829268,78.66829268,79.1195122,79.51707317,79.96829268,80.11707317,80.56829268,80.8195122,81.27073171,81.72195122,82.02439024,82.27560976,82.62682927,82.62682927,83.22682927,83.42682927,
Kuwait,72.764,72.852,72.931,73.004,73.074,73.142,73.21,73.28,73.355,73.439,73.538,73.66,73.807,73.976,74.162,74.358,74.55,74.728,74.885,75.019,75.13,75.224,75.311,75.398,75.489,75.586,
Latin America & Caribbean (excluding high income),69.71811812,70.06976296,70.41870886,70.76196877,71.09993881,71.42889623,71.74452293,72.0463806,72.33027436,72.59766145,72.84908476,73.08509475,73.30944286,73.52451291,73.73261157,73.9348189,74.13239296,74.32530827,74.51329638,74.69784169,74.87908537,75.05644212,75.23086778,75.40154073,75.57017585,75.73687259,
Lao PDR,55.851,56.44,57.04,57.637,58.225,58.803,59.372,59.937,60.502,61.065,61.625,62.182,62.731,63.271,63.797,64.306,64.797,65.267,65.717,66.144,66.546,66.924,67.277,67.61,67.923,68.219,
Lebanon,72.125,72.576,73.046,73.528,74.017,74.507,74.999,75.488,75.969,76.432,76.865,77.26,77.609,77.911,78.161,78.36,78.507,78.611,78.683,78.732,78.768,78.8,78.833,78.875,78.93,79.004,
Liberia,48.314,49.163,49.963,50.657,51.234,51.734,52.236,52.826,53.554,54.422,55.393,56.4,57.365,58.229,58.971,59.6,60.146,60.663,61.186,61.723,62.269,62.802,63.295,63.73,64.104,64.423,
Libya,69.965,70.169,70.352,70.522,70.684,70.852,71.038,71.244,71.466,71.693,71.902,72.063,72.155,72.174,72.129,72.044,71.956,71.901,71.907,71.981,72.121,72.311,72.52,72.724,72.913,73.082,
St. Lucia,72.323,72.547,72.759,72.958,73.144,73.319,73.486,73.648,73.808,73.966,74.122,74.276,74.426,74.571,74.712,74.852,74.993,75.138,75.286,75.44,75.596,75.752,75.907,76.057,76.203,76.343,
Latin America & Caribbean,70.03638967,70.37227939,70.70664293,71.0367773,71.36264785,71.68738957,71.99312403,72.28763379,72.56226154,72.8191972,73.06052666,73.28745866,73.50178524,73.70415657,73.9041865,74.09722025,74.28311752,74.46145444,74.63279792,74.7990465,74.96168764,75.12202318,75.28208661,75.4408494,75.60149504,75.76242757,
Least developed countries: UN classification,53.32094172,53.71577563,54.12861196,54.55853774,55.00700246,55.47644093,55.97247317,56.49957872,57.05801324,57.64382121,58.25286527,58.88039487,59.51770307,60.15420571,60.78070658,61.38674957,61.96534707,62.51335636,63.02859043,63.50724863,63.94607099,64.34418979,64.7062796,65.03826936,65.34393251,65.62893994,
Low income,51.34986748,51.59003266,51.87985334,52.22912463,52.64277668,53.12055135,53.65932058,54.24963977,54.88207789,55.54825688,56.23762893,56.94201201,57.64955877,58.34387159,59.0089082,59.63435852,60.21803482,60.76605155,61.28326794,61.769218,62.22220761,62.64103791,63.02851687,63.3907771,63.73199495,64.05752956,
Liechtenstein,77.3902439,76.83658537,76.04634146,77.74634146,79.1097561,76.82682927,79.27560976,79.63658537,79.96097561,81.77073171,80.66829268,80.94878049,81.29512195,82.68292683,81.5,81.84146341,81.79268293,82.38292683,82.26097561,82.07317073,82.65609756,82.25853659,83.74634146,83.04146341,84.16097561,81.80731707,
Sri Lanka,69.259,69.237,69.419,69.845,70.503,71.333,72.233,73.085,73.799,74.337,74.695,74.904,75.037,75.157,75.286,75.439,75.614,75.796,75.974,76.147,76.316,76.482,76.648,76.812,76.978,77.144,
Lower middle income,61.11040624,61.44418209,61.77427419,62.10276486,62.4069814,62.7129208,63.03662589,63.37516644,63.71705775,64.07148121,64.43651683,64.82113481,65.21729373,65.61737389,66.03255835,66.44301845,66.83298752,67.19921401,67.5465362,67.86850109,68.16457082,68.43899604,68.69191646,68.91902295,69.13682123,69.3303444,
Low & middle income,63.97164819,64.26168187,64.56293349,64.83427235,65.07209948,65.34350236,65.62910067,65.91900567,66.21817532,66.54207696,66.85917991,67.22139374,67.58208284,67.93525691,68.3071721,68.65864304,69.01865094,69.35857358,69.68816173,69.98896203,70.27456888,70.53950024,70.79130031,71.00394977,71.20490805,71.3261274,
Lesotho,55.782,54.334,52.728,51.034,49.328,47.691,46.197,44.898,43.845,43.083,42.658,42.595,42.854,43.384,44.146,45.1,46.207,47.416,48.663,49.891,51.038,52.059,52.947,53.705,54.331,54.836,
Late-demographic dividend,69.45169588,69.76824861,70.09276871,70.39161931,70.61953241,70.90313616,71.21179555,71.49905131,71.79117717,72.11858215,72.4016758,72.75628707,73.08146635,73.37782903,73.70313706,73.98396266,74.31785635,74.60981626,74.91946981,75.19971938,75.47271954,75.74817476,76.01767874,76.22765579,76.44128813,76.43900573,
Lithuania,69.00634146,70.10804878,70.90902439,71.2195122,71.57073171,72.0195122,71.65853659,71.76097561,72.06097561,71.96097561,71.25365854,71.05609756,70.9,71.81219512,72.91463415,73.26829268,73.56341463,73.86341463,73.91463415,74.51707317,74.32195122,74.67073171,75.4804878,75.6804878,76.28292683,74.92926829,
Luxembourg,76.51219512,76.5195122,76.8804878,77.01707317,77.77073171,77.87317073,77.82439024,77.96585366,77.72682927,79.12195122,79.43170732,79.28780488,79.38292683,80.53902439,80.63658537,80.63170732,80.98780488,81.39268293,81.8,82.22926829,82.29268293,82.68536585,82.09512195,82.29512195,82.63902439,81.74146341,
Latvia,66.39121951,68.77658537,69.34926829,69.01219512,69.74292683,70.31463415,70.76097561,70.96097561,71.26585366,72.02682927,71.35609756,70.86585366,71.0195122,72.4195122,73.0804878,73.48292683,73.57560976,73.77804878,73.98292683,74.12439024,74.4804878,74.5804878,74.62926829,74.78292683,75.38780488,75.38780488,
"Macao SAR, China",78.925,79.256,79.573,79.872,80.15,80.407,80.645,80.87,81.089,81.304,81.523,81.748,81.981,82.22,82.462,82.704,82.938,83.158,83.361,83.543,83.707,83.854,83.989,84.118,84.244,84.37,
St. Martin (French part),75.97317073,76.12439024,76.27317073,76.47317073,76.67317073,76.87317073,76.97317073,77.17317073,77.37317073,77.52195122,77.67317073,77.87317073,78.02195122,78.22195122,78.37317073,78.52195122,78.72195122,78.87317073,79.02195122,79.17317073,79.32195122,79.52195122,79.62195122,79.82195122,79.97317073,80.12195122,
Morocco,66.846,67.175,67.508,67.86,68.245,68.684,69.193,69.769,70.399,71.067,71.746,72.403,73.009,73.546,74.003,74.382,74.696,74.97,75.227,75.477,75.726,75.974,76.218,76.453,76.68,76.901,
Monaco,,,,,,,,,,,,,,,,,,,,,,,,,,,
Moldova,66.867,66.761,66.722,66.752,66.852,67.006,67.185,67.362,67.521,67.665,67.82,68.022,68.302,68.671,69.119,69.616,70.119,70.581,70.968,71.267,71.478,71.617,71.717,71.808,71.901,72.006,
Madagascar,54.616,55.43,56.239,57.028,57.782,58.485,59.129,59.717,60.256,60.752,61.212,61.65,62.079,62.509,62.944,63.388,63.836,64.28,64.713,65.133,65.539,65.931,66.311,66.681,67.041,67.39,
Maldives,65.923,66.784,67.644,68.501,69.348,70.173,70.964,71.708,72.399,73.034,73.612,74.138,74.621,75.073,75.499,75.905,76.293,76.664,77.018,77.36,77.691,78.013,78.325,78.627,78.921,79.208,
Middle East & North Africa,68.25403334,68.62672401,68.95879043,69.27532616,69.58630971,69.88725675,70.1860594,70.47001714,70.75154443,71.03757081,71.31003055,71.58493995,71.84130341,72.09133372,72.32599404,72.53918362,72.73749241,72.93166117,73.13239732,73.32643778,73.51484469,73.71077102,73.89981806,74.08883309,74.2708741,74.44773374,
Mexico,72.598,72.925,73.268,73.625,73.988,74.34,74.658,74.922,75.118,75.243,75.3,75.296,75.255,75.194,75.128,75.065,75.011,74.966,74.93,74.908,74.904,74.917,74.947,74.992,75.054,75.131,
Marshall Islands,,,,,67.50487805,65.23902439,,,,,,,,,,,,,,,,,,,,,
Middle income,64.99678001,65.30409496,65.61750624,65.89751189,66.13456431,66.40152558,66.68098094,66.96074786,67.24670384,67.5560689,67.85509719,68.20134018,68.54484562,68.88030182,69.23804131,69.57605685,69.9264087,70.25711568,70.57899053,70.87211169,71.15194531,71.41252944,71.66188054,71.87083176,72.06943928,72.18110461,
North Macedonia,71.84878049,72.49512195,72.44634146,72.29756098,72.7902439,72.94634146,73.43658537,73.03902439,73.24146341,73.59756098,73.69756098,73.89512195,73.8,74.4,74.44634146,74.99756098,75.1,74.90243902,75.4,75.45121951,75.40243902,75.4,75.95365854,76.64878049,76.60243902,75.69317073,
Mali,46.573,46.658,46.823,47.103,47.515,48.069,48.758,49.54,50.373,51.224,52.057,52.839,53.553,54.193,54.756,55.251,55.701,56.135,56.578,57.036,57.509,57.987,58.452,58.893,59.306,59.692,
Malta,77.2902439,77.34146341,77.73902439,77.58780488,77.5,78.34878049,78.84390244,78.73902439,78.54634146,79.25365854,79.3,79.43902439,79.79268293,79.63658537,80.24146341,81.39756098,80.74634146,80.74634146,81.74634146,82.04634146,81.89756098,82.45365854,82.34634146,82.44878049,82.85853659,82.65365854,
Myanmar,58.46,58.78,59.101,59.422,59.744,60.063,60.377,60.685,60.989,61.294,61.607,61.938,62.294,62.678,63.089,63.525,63.983,64.453,64.921,65.378,65.81,66.205,66.558,66.867,67.134,67.363,
Middle East & North Africa (excluding high income),67.71427246,68.08394017,68.42513758,68.74578946,69.05320848,69.35469409,69.65395818,69.94988284,70.24135954,70.52965829,70.8130182,71.08730699,71.34764391,71.58861567,71.80985946,72.01470099,72.2108648,72.4050187,72.60231836,72.80116693,73.00029604,73.19817528,73.39421523,73.5873387,73.77758932,73.96542302,
Montenegro,74.02221951,73.77878049,73.54904878,73.36385366,73.23863415,73.18207317,73.1875122,73.23726829,73.31853659,73.42926829,73.98292683,73.83902439,74.33902439,75.13658537,75.14390244,75.9902439,75.98292683,76.2,76.4902439,76.44146341,76.44878049,76.44146341,76.48536585,76.84146341,76.68292683,75.93170732,
Mongolia,61.211,61.447,61.73,62.063,62.446,62.869,63.319,63.777,64.23,64.671,65.103,65.538,65.985,66.447,66.916,67.38,67.818,68.217,68.566,68.863,69.111,69.321,69.509,69.689,69.87,70.056,
Northern Mariana Islands,,,,,,,,,,,,,,,,,,,,,,,,,,,
Mozambique,47.123,47.47,47.826,48.194,48.572,48.946,49.295,49.61,49.889,50.143,50.387,50.641,50.934,51.292,51.738,52.31,53.043,53.931,54.949,56.062,57.206,58.309,59.309,60.163,60.854,61.387,
Mauritania,60.426,60.493,60.545,60.593,60.643,60.706,60.788,60.892,61.018,61.17,61.349,61.552,61.776,62.015,62.266,62.527,62.799,63.079,63.366,63.654,63.936,64.208,64.464,64.704,64.925,65.129,
Mauritius,70.32585366,70.32292683,70.40487805,70.60731707,70.96097561,71.66341463,71.76585366,71.96585366,72.11707317,72.26585366,72.43219512,72.43219512,72.57073171,72.57073171,72.88243902,72.96731707,73.26682927,73.86341463,74.01707317,74.19439024,74.35317073,74.39487805,74.51463415,74.41634146,74.23585366,74.17707317,
Malawi,45.846,45.677,45.479,45.285,45.136,45.09,45.204,45.517,46.052,46.823,47.844,49.118,50.595,52.206,53.888,55.564,57.161,58.629,59.931,61.042,61.953,62.681,63.279,63.798,64.263,64.694,
Malaysia,71.834,71.972,72.11,72.257,72.418,72.594,72.782,72.976,73.17,73.364,73.555,73.744,73.931,74.118,74.305,74.493,74.683,74.877,75.072,75.268,75.461,75.649,75.828,75.997,76.156,76.306,
North America,75.86060025,76.24010485,76.62719351,76.78286222,76.80913164,76.88199634,77.08241004,77.18781814,77.30281077,77.72448798,77.75408225,77.94939267,78.23954847,78.3009808,78.64772827,78.80945553,78.92055891,79.03147799,79.04221001,79.13808291,79.01211433,78.8773349,78.87909197,78.98679051,79.12336528,77.74116282,
Namibia,58.479,57.179,55.806,54.462,53.231,52.192,51.399,50.862,50.589,50.6,50.931,51.609,52.593,53.817,55.207,56.665,58.085,59.387,60.513,61.425,62.119,62.625,63.021,63.373,63.708,64.045,
New Caledonia,72.0097561,71.99756098,71.73902439,74.37560976,73.87560976,75.16341463,74.83170732,75.10243902,75.27073171,75.47073171,75.72195122,76.07560976,76.47804878,76.6804878,76.9804878,77.2804878,76.63170732,77.07804878,77.17804878,77.23658537,77.2804878,76.93170732,77.53902439,77.43414634,77.63414634,77.77117073,
Niger,46.641,47.307,47.97,48.627,49.279,49.928,50.584,51.256,51.95,52.668,53.411,54.18,54.968,55.764,56.557,57.333,58.081,58.79,59.455,60.07,60.631,61.137,61.599,62.024,62.42,62.792,
Nigeria,45.854,45.88,45.923,45.994,46.103,46.267,46.51,46.835,47.242,47.72,48.252,48.812,49.373,49.913,50.422,50.896,51.346,51.786,52.228,52.672,53.112,53.541,53.95,54.332,54.687,55.018,
Nicaragua,67.344,67.798,68.234,68.667,69.1,69.527,69.934,70.308,70.64,70.933,71.195,71.436,71.673,71.915,72.167,72.428,72.692,72.951,73.197,73.429,73.649,73.86,74.068,74.275,74.485,74.697,
Netherlands,77.40463415,77.43560976,77.79439024,77.88292683,77.83658537,77.98780488,78.1902439,78.29268293,78.49268293,79.09512195,79.34634146,79.69756098,80.09756098,80.25121951,80.54878049,80.70243902,81.20487805,81.10487805,81.30487805,81.70731707,81.5097561,81.56097561,81.76097561,81.81219512,82.11219512,81.4097561,
Norway,77.73658537,78.1504878,78.14268293,78.32926829,78.28292683,78.63414634,78.78536585,78.98780488,79.3902439,79.84146341,80.04146341,80.34390244,80.39512195,80.59268293,80.79512195,80.99756098,81.29512195,81.45121951,81.75121951,82.1,82.30487805,82.40731707,82.6097561,82.75853659,82.95853659,83.2097561,
Nepal,58.6,59.383,60.144,60.884,61.6,62.288,62.945,63.57,64.165,64.729,65.264,65.773,66.26,66.727,67.178,67.611,68.028,68.426,68.806,69.168,69.515,69.848,70.169,70.478,70.778,71.067,
Nauru,,,,,,,,,,,,,,,,,,,,,,,,,,,
New Zealand,76.73414634,76.78780488,77.33414634,78.08536585,77.8902439,78.63658537,78.69268293,78.84634146,79.14634146,79.54878049,79.85121951,80.04878049,80.15121951,80.35121951,80.70243902,80.70243902,80.90487805,81.15609756,81.40731707,81.40487805,81.45682927,81.61243902,81.65853659,81.85853659,81.70731707,82.05609756,
OECD members,75.52776801,75.89950058,76.24123775,76.4569943,76.63926132,76.92725513,77.23460023,77.39688554,77.54903408,77.94370424,78.06314654,78.34888186,78.5717356,78.71992779,78.97693251,79.14888714,79.37988541,79.49704942,79.66195229,79.91185268,79.81127706,79.96054138,80.00517017,80.10275237,80.2864427,79.70326687,
Oman,69.77,70.25,70.726,71.197,71.664,72.126,72.58,73.022,73.447,73.851,74.23,74.577,74.893,75.179,75.44,75.682,75.916,76.149,76.388,76.634,76.887,77.142,77.393,77.633,77.861,78.078,
Other small states,61.42302063,61.28177921,60.97794085,60.63219465,60.39914776,60.24392472,60.10741503,60.09821865,60.20841736,60.4848716,60.90937792,61.40830319,62.05476492,62.7972733,63.57033498,64.32882235,65.03176728,65.7048157,66.34210506,66.89436358,67.4051718,67.83293162,68.22492354,68.54826055,68.83558489,69.03198297,
Pakistan,61.505,61.773,62.039,62.303,62.564,62.82,63.066,63.3,63.522,63.736,63.951,64.176,64.42,64.685,64.969,65.264,65.562,65.849,66.117,66.36,66.577,66.77,66.947,67.114,67.273,67.428,
Panama,74.092,74.3,74.5,74.694,74.881,75.06,75.233,75.401,75.565,75.728,75.892,76.06,76.234,76.414,76.6,76.792,76.989,77.188,77.386,77.583,77.776,77.964,78.149,78.329,78.506,78.68,
Peru,68.903,69.378,69.834,70.274,70.7,71.111,71.505,71.882,72.24,72.581,72.908,73.222,73.528,73.826,74.12,74.41,74.697,74.981,75.258,75.529,75.792,76.044,76.286,76.516,76.736,76.947,
Philippines,68.231,68.431,68.574,68.675,68.744,68.793,68.835,68.88,68.937,69.013,69.112,69.233,69.37,69.515,69.667,69.823,69.984,70.149,70.315,70.481,70.644,70.802,70.952,71.095,71.231,71.36,
Palau,71.84463415,,,,,70.49365854,,,,,69.12926829,,,,,,,,,,,,,,,,
Papua New Guinea,58.073,58.344,58.594,58.828,59.049,59.265,59.487,59.722,59.974,60.245,60.534,60.836,61.141,61.442,61.739,62.029,62.316,62.604,62.892,63.181,63.466,63.744,64.01,64.263,64.501,64.725,
Poland,71.89268293,72.24634146,72.64634146,72.99756098,73.04390244,73.74878049,74.2,74.49756098,74.59756098,74.84634146,74.99512195,75.14390244,75.24390244,75.54390244,75.69512195,76.24634146,76.69512195,76.74634146,77,77.60243902,77.45121951,77.85121951,77.75365854,77.60243902,77.90487805,76.6,
Pre-demographic dividend,49.83519085,49.89658777,49.99897166,50.15476429,50.37559936,50.6737762,51.0589412,51.52350722,52.05507514,52.64148346,53.2699022,53.92744099,54.60056827,55.27598421,55.94318769,56.59345632,57.22415595,57.8355568,58.42601985,58.98778122,59.51195887,59.99193225,60.42745654,60.820942,61.17597806,61.4987694,
Puerto Rico,74.12456098,74.36146341,74.66404878,75.00729268,75.3754878,76.68926829,77.06682927,77.7604878,78.07121951,78.17585366,78.29609756,78.41634146,78.42585366,77.96292683,78.191,78.41909756,78.64065854,78.84758537,79.03434146,79.20246341,79.3534878,79.49497561,79.63453659,79.77819512,79.9285122,80.08746341,
"Korea, Dem. People's Rep.",66.537,65.495,64.772,64.493,64.684,65.268,66.087,66.925,67.615,68.102,68.389,68.54,68.675,68.884,69.185,69.571,70.012,70.454,70.853,71.198,71.481,71.711,71.91,72.095,72.274,72.453,
Portugal,75.31219512,75.26097561,75.41219512,75.71219512,75.96341463,76.31463415,76.81463415,77.06585366,77.2195122,77.67073171,78.07073171,78.4195122,78.32195122,78.52439024,78.72682927,79.02682927,80.47073171,80.37317073,80.72195122,81.12195122,81.12439024,81.12439024,81.42439024,81.32439024,81.67560976,80.97560976,
Paraguay,69.511,69.69,69.88,70.087,70.31,70.546,70.786,71.023,71.249,71.464,71.667,71.862,72.055,72.251,72.45,72.653,72.86,73.068,73.274,73.473,73.662,73.836,73.992,74.131,74.254,74.363,
West Bank and Gaza,69.757,70.041,70.309,70.56,70.797,71.022,71.239,71.447,71.648,71.842,72.028,72.203,72.366,72.517,72.656,72.788,72.915,73.041,73.17,73.303,73.442,73.589,73.74,73.895,74.053,74.213,
Pacific island small states,65.59631684,65.68650916,65.86789169,66.07608922,66.33964215,66.55714298,66.79805865,67.03312837,67.25015595,67.44566844,67.63693106,67.78614146,67.94835734,68.11680769,68.29563224,68.48523385,68.68298504,68.88200361,69.07737595,69.26553985,69.44447786,69.61374205,69.77428325,69.9290488,70.07973149,70.22750538,
Post-demographic dividend,76.07522936,76.43889233,76.78257944,76.99915123,77.11641209,77.35564394,77.64789127,77.78723898,77.91472665,78.34048534,78.43332159,78.75815182,79.01182061,79.15435062,79.47739306,79.68613989,79.95295059,80.08676424,80.26808471,80.52726493,80.39500807,80.5494536,80.59751723,80.6916639,80.89110833,80.16436318,
French Polynesia,70.426,70.815,71.202,71.58,71.946,72.303,72.658,73.017,73.382,73.751,74.116,74.466,74.793,75.092,75.363,75.611,75.844,76.074,76.307,76.546,76.787,77.024,77.251,77.462,77.657,77.836,
Qatar,76.759,76.909,77.052,77.19,77.327,77.467,77.612,77.762,77.919,78.083,78.252,78.425,78.601,78.775,78.945,79.108,79.26,79.399,79.527,79.646,79.758,79.868,79.981,80.1,80.227,80.363,
Romania,69.45609756,69.10487805,69.00487805,69.80731707,70.51219512,71.16341463,71.16097561,71.0097561,71.3097561,71.56097561,71.91219512,72.16341463,72.56585366,72.56585366,73.3097561,73.45853659,74.4097561,74.41219512,75.06341463,74.9097561,74.91219512,75.2097561,75.3097561,75.35853659,75.60731707,74.35365854,
Russian Federation,64.69073171,65.85414634,66.69878049,67.0297561,65.98219512,65.48365854,65.38341463,65.12878049,65.02756098,65.47097561,65.5297561,66.72756098,67.58682927,67.94926829,68.68463415,68.84121951,69.68390244,70.07219512,70.57878049,70.74365854,71.18341463,71.65121951,72.45146341,72.66219512,73.08390244,71.33878049,
Rwanda,31.037,35.38,39.838,43.686,46.639,48.649,49.936,50.987,52.178,53.595,55.254,57.083,58.915,60.612,62.129,63.433,64.523,65.438,66.219,66.884,67.45,67.93,68.341,68.7,69.024,69.329,
South Asia,60.58985547,61.06099231,61.52176469,61.9697088,62.40431133,62.82398281,63.22899212,63.62377106,64.01139646,64.39518784,64.78317085,65.17993289,65.58771357,66.00524977,66.42785669,66.8487685,67.25831619,67.64633754,68.00771543,68.34020332,68.64190072,68.9161581,69.17132773,69.41226994,69.64361743,69.8678468,
Saudi Arabia,71.099,71.445,71.766,72.06,72.327,72.561,72.759,72.92,73.051,73.159,73.256,73.355,73.467,73.598,73.75,73.917,74.089,74.254,74.402,74.533,74.651,74.761,74.874,74.998,75.133,75.28,
Sudan,56.709,57.032,57.374,57.73,58.096,58.472,58.859,59.258,59.67,60.092,60.525,60.969,61.422,61.879,62.33,62.764,63.171,63.542,63.875,64.169,64.429,64.663,64.881,65.095,65.311,65.53,
Senegal,57.404,57.342,57.323,57.376,57.523,57.787,58.177,58.675,59.259,59.912,60.62,61.365,62.126,62.88,63.607,64.284,64.898,65.448,65.939,66.37,66.747,67.078,67.38,67.665,67.941,68.213,
Singapore,76.29512195,76.59512195,76.89756098,77.3,77.55121951,77.95121951,78.25121951,78.55121951,79.03902439,79.4902439,79.9902439,80.14146341,80.44146341,80.7902439,81.24146341,81.54146341,81.74390244,81.99512195,82.24634146,82.49512195,82.74390244,82.84634146,83.09512195,83.29756098,83.59512195,83.74390244,
Solomon Islands,65.552,65.903,66.278,66.665,67.057,67.442,67.816,68.175,68.518,68.845,69.158,69.462,69.762,70.063,70.366,70.674,70.985,71.296,71.601,71.896,72.173,72.424,72.645,72.835,72.996,73.132,
Sierra Leone,37.083,37.194,37.496,37.98,38.634,39.441,40.369,41.376,42.419,43.467,44.502,45.517,46.52,47.508,48.468,49.382,50.234,51.018,51.731,52.372,52.941,53.444,53.895,54.309,54.696,55.066,
El Salvador,67.277,67.651,67.978,68.284,68.581,68.875,69.162,69.432,69.68,69.908,70.124,70.333,70.542,70.756,70.978,71.21,71.449,71.692,71.935,72.175,72.412,72.644,72.872,73.096,73.317,73.533,
San Marino,,,,,,,,,,,,,,,,,,,,,,,,,,,
Somalia,47.151,48.067,48.967,49.754,50.392,50.869,51.213,51.492,51.762,52.043,52.346,52.669,52.998,53.326,53.654,53.99,54.342,54.713,55.104,55.509,55.92,56.324,56.709,57.068,57.397,57.697,
Serbia,,,72.03902439,,,71.58292683,72.23414634,72.28536585,72.43658537,72.68292683,72.83414634,73.38536585,73.63170732,73.88536585,73.98536585,74.33658537,74.53658537,74.83658537,75.18536585,75.33658537,75.28780488,75.68780488,75.53902439,75.8902439,75.93658537,74.22926829,
Sub-Saharan Africa (excluding high income),50.04472977,50.03335647,50.05152012,50.11571622,50.24198888,50.44749089,50.74734771,51.14578302,51.63989373,52.22249096,52.88432687,53.61219037,54.38344059,55.17255555,55.95935047,56.72376828,57.45450696,58.14802592,58.80002042,59.40349335,59.95148449,60.44110945,60.87879141,61.27199431,61.6263562,61.94978362,
South Sudan,46.855,47.395,47.884,48.333,48.754,49.166,49.592,50.05,50.55,51.095,51.686,52.315,52.96,53.6,54.219,54.8,55.325,55.791,56.2,56.552,56.855,57.12,57.365,57.604,57.846,58.095,
Sub-Saharan Africa,50.04762598,50.03610253,50.05418024,50.11841734,50.24477112,50.45021391,50.75002366,51.14816454,51.64212387,52.22477202,52.88642826,53.6142094,54.3854324,55.17445654,55.96111815,56.72547002,57.45600208,58.14957771,58.80138624,59.40479692,59.95283057,60.44239356,60.8800163,61.27303249,61.62745154,61.95110854,
Small states,63.86686626,63.77694542,63.61670326,63.34497993,63.20197192,63.11007935,63.02551611,63.08503465,63.14096216,63.35687366,63.67863561,64.04386903,64.51910821,65.06704842,65.6435259,66.2160538,66.75396751,67.27436814,67.77178784,68.20777193,68.61396325,68.95841795,69.27615231,69.54213469,69.78132338,69.9519871,
Sao Tome and Principe,58.795,59.172,59.631,60.159,60.742,61.365,62.017,62.687,63.359,64.02,64.659,65.27,65.854,66.412,66.938,67.43,67.885,68.306,68.695,69.052,69.377,69.67,69.933,70.17,70.385,70.583,
Suriname,67.731,67.753,67.762,67.768,67.781,67.822,67.913,68.064,68.28,68.555,68.877,69.227,69.579,69.91,70.209,70.465,70.676,70.851,71.002,71.133,71.249,71.358,71.463,71.57,71.682,71.802,
Slovak Republic,72.25365854,72.65365854,72.70487805,72.55121951,72.90243902,73.05121951,73.40243902,73.60487805,73.60487805,73.95853659,73.90487805,74.20487805,74.20731707,74.70487805,74.9097561,75.11219512,75.95853659,76.1097561,76.41219512,76.81219512,76.56341463,77.16585366,77.16585366,77.26585366,77.66585366,76.86585366,
Slovenia,73.95853659,74.45853659,74.70731707,74.80731707,75.0097561,75.41219512,75.75853659,76.00731707,76.85853659,77.20731707,77.61219512,78.08658537,78.56097561,78.76585366,78.97073171,79.42195122,79.97073171,80.12439024,80.32195122,81.07804878,80.77560976,81.17560976,81.02926829,81.37804878,81.52926829,80.53170732,
Sweden,78.7404878,78.95902439,79.19756098,79.33902439,79.44146341,79.64390244,79.79512195,79.84634146,80.09512195,80.49756098,80.54634146,80.74878049,80.9,81.1,81.35121951,81.45121951,81.80243902,81.70487805,81.95609756,82.25365854,82.20487805,82.30731707,82.4097561,82.55853659,83.1097561,82.40731707,
Eswatini,57.422,55.606,53.595,51.498,49.424,47.49,45.799,44.41,43.372,42.731,42.518,42.733,43.308,44.17,45.275,46.601,48.141,49.862,51.699,53.569,55.359,56.962,58.319,59.401,60.194,60.721,
Sint Maarten (Dutch part),,,,,,,,,,,,,74.54390244,74.53658537,75.58780488,,,73.05365854,,77.06829268,77.2195122,78.29268293,,,,,
Seychelles,72.48292683,71.56097561,71.21219512,71.74634146,72.66829268,72.77804878,73.25365854,71.08780488,71.02926829,72.66097561,72.13170732,72.21707317,73.14390244,73.16341463,73.08292683,73.19756098,72.72439024,74.27560976,73.1195122,73.22926829,74.29512195,74.3097561,74.3,72.84146341,74.04634146,77.23658537,
Syrian Arab Republic,71.961,72.205,72.439,72.664,72.882,73.11,73.371,73.663,73.967,74.25,74.43,74.412,74.152,73.647,72.938,72.108,71.27,70.55,70.049,69.821,69.908,70.315,70.967,71.779,72.697,73.651,
Turks and Caicos Islands,,,,,,,,,,,,,,,,,,,,,,,,,,,
Chad,47.426,47.498,47.559,47.61,47.657,47.713,47.789,47.9,48.057,48.27,48.549,48.907,49.335,49.82,50.346,50.89,51.424,51.928,52.386,52.789,53.137,53.438,53.712,53.977,54.239,54.505,
East Asia & Pacific (IDA & IBRD countries),68.80296307,69.05616313,69.32804912,69.61058248,69.90201576,70.19841517,70.49794359,70.79723064,71.09519763,71.3903258,71.68224162,71.97078284,72.2573864,72.54253415,72.82629571,73.11046429,73.39791418,73.68783665,73.97706926,74.26355766,74.53991042,74.79995657,75.0402245,75.2562801,75.44843511,75.61974318,
Europe & Central Asia (IDA & IBRD countries),66.70511881,67.28267089,67.87483076,68.23858867,68.05125289,68.15632343,68.34006446,68.43898247,68.55880413,68.90283019,69.0362413,69.62195544,70.0912288,70.40644985,70.9725141,71.32219579,71.88095089,72.21221885,72.6319155,72.88198146,73.14732169,73.50717104,73.90360241,74.04564655,74.32073536,73.48326882,
Togo,54.757,54.36,54.001,53.722,53.547,53.491,53.554,53.71,53.938,54.234,54.602,55.052,55.581,56.178,56.818,57.468,58.092,58.661,59.16,59.58,59.927,60.22,60.489,60.76,61.042,61.34,
Thailand,70.191,70.215,70.267,70.348,70.463,70.623,70.832,71.089,71.389,71.728,72.099,72.499,72.916,73.341,73.766,74.184,74.593,74.992,75.378,75.747,76.091,76.403,76.683,76.931,77.15,77.344,
Tajikistan,58.497,59.003,59.65,60.379,61.161,61.974,62.807,63.653,64.496,65.314,66.08,66.771,67.382,67.911,68.36,68.736,69.055,69.34,69.609,69.874,70.137,70.397,70.647,70.879,71.097,71.301,
Turkmenistan,62.851,62.953,63.084,63.237,63.413,63.613,63.842,64.101,64.386,64.693,65.017,65.354,65.695,66.031,66.355,66.657,66.928,67.167,67.375,67.552,67.704,67.835,67.956,68.073,68.191,68.313,
Latin America & the Caribbean (IDA & IBRD countries),69.87220349,70.21226685,70.55015267,70.88358165,71.21287834,71.53435678,71.84355669,72.13921074,72.41716322,72.67840841,72.92378548,73.15408652,73.37328115,73.58362603,73.7868999,73.98334578,74.17297212,74.35526705,74.5302464,74.7001817,74.86655945,75.03055859,75.19428209,75.35732803,75.52038777,75.68282207,
Timor-Leste,53.538,54.737,55.907,57.011,58.037,59.002,59.945,60.901,61.888,62.893,63.882,64.803,65.61,66.276,66.796,67.186,67.477,67.72,67.953,68.197,68.459,68.735,69.007,69.26,69.495,69.712,
Middle East & North Africa (IDA & IBRD countries),67.69419343,68.06422053,68.40566182,68.72689948,69.03491367,69.3370643,69.63706362,69.93379489,70.22611888,70.51532132,70.79963482,71.07491578,71.33624089,71.5781151,71.80020172,72.00580157,72.20270146,72.39759622,72.59565309,72.79524159,72.99505254,73.19351106,73.39007584,73.58362363,73.77423568,73.96238432,
Tonga,69.351,69.41,69.471,69.535,69.601,69.667,69.725,69.771,69.803,69.822,69.836,69.852,69.878,69.921,69.982,70.059,70.148,70.242,70.335,70.427,70.517,70.607,70.701,70.801,70.907,71.018,
South Asia (IDA & IBRD),60.58985547,61.06099231,61.52176469,61.9697088,62.40431133,62.82398281,63.22899212,63.62377106,64.01139646,64.39518784,64.78317085,65.17993289,65.58771357,66.00524977,66.42785669,66.8487685,67.25831619,67.64633754,68.00771543,68.34020332,68.64190072,68.9161581,69.17132773,69.41226994,69.64361743,69.8678468,
Sub-Saharan Africa (IDA & IBRD countries),50.04762598,50.03610253,50.05418024,50.11841734,50.24477112,50.45021391,50.75002366,51.14816454,51.64212387,52.22477202,52.88642826,53.6142094,54.3854324,55.17445654,55.96111815,56.72547002,57.45600208,58.14957771,58.80138624,59.40479692,59.95283057,60.44239356,60.8800163,61.27303249,61.62745154,61.95110854,
Trinidad and Tobago,68.597,68.713,68.85,69.011,69.199,69.413,69.65,69.903,70.164,70.428,70.691,70.952,71.21,71.464,71.71,71.946,72.17,72.382,72.582,72.768,72.941,73.1,73.245,73.38,73.507,73.628,
Tunisia,71.517,71.921,72.282,72.608,72.904,73.172,73.415,73.638,73.842,74.034,74.217,74.391,74.558,74.72,74.88,75.041,75.206,75.376,75.552,75.734,75.922,76.115,76.31,76.505,76.699,76.891,
Turkiye,66.963,67.57,68.189,68.807,69.417,70.005,70.56,71.078,71.559,72.004,72.424,72.83,73.235,73.649,74.074,74.507,74.944,75.373,75.784,76.172,76.532,76.86,77.161,77.437,77.691,77.928,
Tuvalu,,,,,,,,,,,,,,,,,,,,,,,,,,,
Tanzania,49.287,49.329,49.503,49.809,50.248,50.801,51.444,52.142,52.866,53.602,54.349,55.119,55.926,56.777,57.666,58.584,59.525,60.47,61.398,62.288,63.111,63.844,64.479,65.015,65.456,65.815,
Uganda,43.824,43.899,44.19,44.685,45.373,46.229,47.22,48.299,49.421,50.554,51.676,52.784,53.887,54.984,56.06,57.099,58.087,59.017,59.881,60.669,61.373,61.986,62.516,62.973,63.368,63.713,
Ukraine,66.74195122,67.02243902,67.57634146,68.37487805,67.98097561,67.67560976,67.83707317,68.27560976,68.21073171,68.18536585,67.95682927,68.07756098,68.22219512,68.25146341,69.19,70.26536585,70.80926829,70.94414634,71.1595122,71.18658537,71.1895122,71.47634146,71.78097561,71.58268293,71.82731707,71.18512195,
Upper middle income,69.23143108,69.54447961,69.85807515,70.13449424,70.33207552,70.57705209,70.84377644,71.09400622,71.3533198,71.64765874,71.90557174,72.24267802,72.55920594,72.85125284,73.17274468,73.45530576,73.7872626,74.09966482,74.41518321,74.69744615,74.98308402,75.25218244,75.52224184,75.73594954,75.94022533,75.97697977,
Uruguay,73.62,73.854,74.086,74.309,74.523,74.731,74.939,75.152,75.373,75.599,75.826,76.046,76.251,76.437,76.603,76.75,76.882,77.004,77.124,77.244,77.369,77.498,77.632,77.77,77.911,78.056,
United States,75.62195122,76.02682927,76.42926829,76.5804878,76.58292683,76.63658537,76.83658537,76.93658537,77.03658537,77.48780488,77.48780488,77.68780488,77.98780488,78.03902439,78.3902439,78.54146341,78.64146341,78.74146341,78.74146341,78.84146341,78.6902439,78.53902439,78.53902439,78.63902439,78.78780488,77.2804878,
Uzbekistan,66.396,66.494,66.626,66.782,66.959,67.156,67.374,67.613,67.868,68.135,68.407,68.676,68.939,69.193,69.435,69.672,69.91,70.155,70.41,70.671,70.928,71.171,71.388,71.573,71.725,71.848,
St. Vincent and the Grenadines,70.745,70.736,70.731,70.738,70.762,70.809,70.882,70.977,71.087,71.208,71.331,71.449,71.554,71.643,71.716,71.776,71.827,71.879,71.939,72.01,72.095,72.193,72.3,72.415,72.534,72.658,
"Venezuela, RB",71.321,71.451,71.596,71.756,71.93,72.112,72.294,72.466,72.618,72.746,72.852,72.938,73.01,73.071,73.116,73.134,73.11,73.037,72.918,72.762,72.584,72.405,72.246,72.128,72.064,72.066,
British Virgin Islands,,,,,,,,,,,,,,,,,,,,,,,,,,,
Virgin Islands (U.S.),75.50992683,75.75902439,76.00253659,76.23697561,76.46185366,76.6195122,77.62195122,77.52195122,77.52195122,77.77317073,77.42195122,78.32439024,76.86341463,77.16341463,77.51463415,77.86585366,78.31707317,78.51707317,78.71707317,78.86829268,79.01707317,79.16829268,79.36829268,79.5195122,79.66829268,79.8195122,
Vietnam,71.923,72.168,72.399,72.617,72.824,73.025,73.228,73.438,73.654,73.875,74.092,74.295,74.474,74.625,74.745,74.837,74.904,74.958,75.006,75.056,75.11,75.172,75.241,75.317,75.4,75.493,
Vanuatu,66.162,66.414,66.66,66.899,67.134,67.363,67.583,67.793,67.99,68.176,68.35,68.515,68.672,68.824,68.974,69.123,69.272,69.421,69.57,69.719,69.869,70.021,70.172,70.323,70.474,70.623,
World,66.27421726,66.55851752,66.84339002,67.08649921,67.29332375,67.54896003,67.8217449,68.07014019,68.32601818,68.6525098,68.92021195,69.26229064,69.5915489,69.89951482,70.24645381,70.55669028,70.88401703,71.17329899,71.46586441,71.74605473,71.95211472,72.18623,72.39169867,72.57441451,72.76322287,72.74791908,
Samoa,67.249,67.491,67.764,68.067,68.399,68.748,69.103,69.451,69.781,70.089,70.374,70.642,70.901,71.158,71.412,71.663,71.906,72.136,72.351,72.549,72.73,72.895,73.046,73.187,73.321,73.45,
Kosovo,68.55121951,68.7,68.85121951,68.95121951,66.95121951,67.95121951,67.99756098,67.94390244,68.19512195,68.49512195,68.69512195,68.94634146,69.19756098,69.44878049,69.64878049,69.9,70.2,70.49756098,70.79756098,71.09756098,71.34634146,71.84634146,72.29512195,72.69512195,73.09268293,71.08780488,
"Yemen, Rep.",58.817,59.096,59.415,59.782,60.204,60.683,61.216,61.781,62.358,62.931,63.481,63.997,64.47,64.892,65.255,65.549,65.768,65.92,66.016,66.066,66.085,66.087,66.086,66.096,66.125,66.181,
South Africa,61.561,60.595,59.489,58.315,57.144,56.048,55.089,54.31,53.749,53.444,53.447,53.795,54.452,55.36,56.46,57.669,58.895,60.06,61.099,61.968,62.649,63.153,63.538,63.857,64.131,64.379,
Zambia,44.242,43.735,43.461,43.413,43.594,44,44.615,45.4,46.322,47.354,48.496,49.757,51.134,52.606,54.13,55.655,57.126,58.502,59.746,60.831,61.737,62.464,63.043,63.51,63.886,64.194,
Zimbabwe,50.48,49.009,47.661,46.466,45.461,44.649,44.01,43.523,43.195,43.065,43.241,43.853,44.947,46.504,48.449,50.64,52.896,55.032,56.897,58.41,59.534,60.294,60.812,61.195,61.49,61.738,
