Country Name,2000,2001,2002,2003,2004,2005,2006,2007,2008,2009,2010,2011,2012,2013,2014,2015,2016,2017,2018,2019,2020,2021
Aruba,97.14286041,94.40406799,94.75524139,90.21591949,90.55989838,88.19796753,93.18611908,95.58824158,95.13303375,96.2425766,94.78610229,,,96.57064056,101.1805573,,,,,,,
Africa Eastern and Southern,,,,,,,,,,,,,,,,,,,,,,
Afghanistan,,,,,,,,,,,,,,,,,80.49504089,84.41494751,85.62532806,84.33058929,,
Africa Western and Central,,,,,,,,,,,,,,,,,,,,,,
Angola,,,,,,,,,39.19701004,38.78757858,39.80720901,46.18714905,,,,,,,,,,
Albania,96.58268738,96.39394379,,94.44817352,93.43779755,,,96.19241333,92.39359283,91.05149078,88.83624268,92.98265839,98.67212677,89.53917694,100.9847183,98.86158752,99.88155365,101.9837036,101.5378571,103.3227463,100.7324066,
Andorra,,,,,,,,,,,,,,,,,,,,,,
Arab World,75.54741669,76.56347656,77.41953278,79.82804108,81.66796875,82.69515228,80.90484619,82.70838165,84.57465363,82.89109802,84.36582947,85.1756897,87.03526306,85.06060791,85.99526978,84.90283966,84.34924316,84.49780273,85.40995789,86.52622986,87.33290863,
United Arab Emirates,80.28414154,76.57745361,80.73298645,,,,,97.45088959,,,,,93.94155884,95.68698883,99.14914703,103.5202026,,,,111.9388199,104.7111969,
Argentina,97.34647369,96.8216629,100.515831,98.16793823,96.57994843,94.64183044,97.10247803,99.86782074,103.1421738,103.3038712,103.5674133,103.8877106,103.3522491,101.6450119,103.1064377,102.9737396,103.8935699,99.96276093,98.70625305,98.54724121,,
Armenia,,,93.70575714,89.27111053,100.0474701,92.69158173,93.81121063,102.0697098,105.7928925,,94.49523163,93.80896759,93.8516922,,96.65222931,94.59063721,90.7516098,91.98770905,89.87895966,93.13851929,93.16529083,
American Samoa,,,,,,,,,,,,,,,,,,,,,,
Antigua and Barbuda,,,,,,,,,110.5548019,101.263298,106.6099472,103.6769485,,108.1081085,111.150322,92.55548096,93.58789825,98.18578339,96.19882965,,,
Australia,,,,,,,,,,,,,,,,,,,,,,
Austria,,,100.2221985,,98.74430084,,,,,,,96.77201843,96.69371796,97.60601044,98.69184875,100.3737869,99.65672302,99.45317841,99.81300354,99.40850067,,
Azerbaijan,89.51351166,95.1685791,97.58601379,92.69615173,95.59542847,93.43061829,91.6054306,98.13037109,90.73683167,91.77172089,89.51445007,92.80683136,91.99118805,88.08940887,98.12570953,103.2802124,111.3019104,107.1721725,100.2199478,100.3833389,99.51779938,
Burundi,24.35050011,24.78704071,25.1833992,29.58313942,31.79199982,33.94643021,,38.66096115,41.65348816,48.35905838,51.54841995,56.37577057,62.99792099,70.719841,69.56655884,64.53968048,67.67450714,68.37870026,63.02138901,59.37641907,,52.94527054
Belgium,,,,,,,,,,,,,,,,,,,,,,
Benin,37.80432892,41.67731857,43.78899002,48.11962891,51.87131882,,,,63.67050171,,66.71160889,71.6880188,73.04107666,78.60559845,79.45439911,81.14032745,80.74555969,,,64.43959808,62.42148972,
Burkina Faso,25.42222023,26.67761993,27.48546982,29.11165047,30.42653084,31.7365799,32.80561829,34.97426987,38.86925888,43.91450882,47.05522156,53.66107178,57.36603165,62.34405136,60.84949875,62.02980042,61.72433853,63.51921844,65.47892761,64.54945374,64.88916779,
Bangladesh,,,,,,66.32054901,,,59.02299118,65.45803833,67.83219147,,,,,,,,,,,
Bulgaria,96.15943146,101.7548599,96.5668869,97.79255676,98.64273071,98.65926361,99.3508606,101.33284,95.15364838,101.7043991,113.3395615,110.2010422,101.8105621,98.95879364,97.95253754,96.19129181,92.04534149,89.81646729,86.6185379,84.97651672,,
Bahrain,98.78814697,96.68489075,100.5414276,100.1033096,102.0471191,101.6284485,,,,,,89.47138214,93.22641754,94.48236847,96.6472168,98.74027252,99.51364899,99.45120239,97.87412262,100.241188,,
"Bahamas, The",,,,,,101.8654938,95.83602905,,,,,,,,,,,,,,,
Bosnia and Herzegovina,,,,,,,,,,,,74.04312897,76.02568817,79.58563232,93.2427597,101.4054565,93.79035187,89.0358963,85.42336273,,,
Belarus,102.3249207,106.7331085,132.6765747,103.1890793,102.7190704,98.86844635,97.65106964,96.30975342,99.11292267,105.8452225,106.9727173,107.9056778,104.0764618,100.2649384,98.66790771,96.76220703,96.86775208,101.6810074,104.6179123,108.7617416,98.55618286,
Belize,100.0501328,100.8180923,,97.24398041,97.65119934,98.44107819,97.4540863,98.99469757,94.9059906,99.68441772,100.7418976,103.9519577,108.0577164,101.6987762,102.061203,104.2317963,105.3376236,102.6097107,104.4744797,102.8469315,104.4562302,
Bermuda,,94.46366882,98.95591736,95.68765259,90.1292572,90.48751068,90.59107208,,,,103.2092438,95.56136322,94.80692291,98.23609161,88.95027924,91.57302856,,,,,,
Bolivia,,,,,,,,,,,97.25595856,96.88192749,97.44641876,94.44821167,90.71195984,88.83914185,89.91242981,91.61031342,94.83978271,91.60414886,92.88169098,
Brazil,,112.2296066,114.1994324,109.3666077,100.6846466,,,,,,,,,,,,,,,,,
Barbados,98.39069366,106.1008606,103.4780502,106.6105499,97.66053009,91.64779663,93.93862152,92.27578735,94.60025787,95.74748993,95.61657715,98.1675415,,,,,,,88.74687195,90.09367371,96.04075623,
Brunei Darussalam,114.790947,121.6579514,117.5329514,119.9912262,111.2814636,107.3593063,107.6546783,107.4296265,105.2743225,101.9063568,105.3538895,110.9769974,107.0699768,106.1239319,100.1175385,102.1722794,107.3572388,107.4272232,107.9787216,100.0980072,104.9582825,
Bhutan,51.06835175,51.48445892,,,60.1642189,66.09851837,71.05857086,72.63404083,78.43048859,80.84539795,87.29344177,89.07044983,98.97335052,96.63999176,96.23844147,96.58896637,100.6621628,100,88.1620636,76.99398041,82.07420349,
Botswana,96.82112885,99.05275726,99.85823059,99.35736847,98.39903259,97.71692657,101.5586166,98.3112793,99.47418976,101.0793991,,,101.2084198,100.661171,,94.55426788,,,,,,
Central African Republic,,,,,23.84486961,26.09930992,26.11194038,,34.81547928,37.22557068,39.22779846,40.87232971,42.82416153,,,,40.8741684,54.70602036,,,,
Canada,97.81784058,,,,,,,,,,,,,,,,,,,,,
Central Europe and the Baltics,95.71656036,97.30819702,96.69966125,97.5399704,98.58931732,97.54273224,96.28206635,95.71605682,94.78743744,95.72088623,97.24108887,97.70146942,96.79386139,97.31368256,97.12010193,97.94967651,97.44618988,98.57182312,93.07649994,93.44750214,93.51818085,
Switzerland,96.67292786,98.05579376,98.2871933,98.48660278,99.44709015,96.96640778,93.9294281,93.3588028,94.40711212,96.10912323,96.19563293,96.65714264,97.4105072,96.85575104,95.57646179,95.77346802,96.82687378,97.15868378,96.21008301,96.36173248,,
Channel Islands,,,,,,,,,,,,,,,,,,,,,,
Chile,,,,,,,,,,,,95.71444702,98.82016754,98.69904327,98.90055847,96.97695923,95.48255157,94.75356293,96.24210358,98.24701691,,
China,,,,,,,91.6324234,93.34789276,99.27693939,98.29463196,,,,,,,,,,,,
Cote d'Ivoire,43.29003143,49.22525024,,,,,43.74016953,44.91416931,,45.82094955,,53.17802811,54.47447968,53.29364014,54.86824036,60.44213104,64.16320801,71.59989929,74.60257721,78.75084686,81.43595886,83.61065674
Cameroon,49.5123291,,,56.61423874,58.58126831,,50.86167908,54.11949158,69.96147156,69.69682312,71.67993164,70.71424866,74.24182129,,72.77977753,74.17043304,73.39318848,68.21424103,64.47068024,65.49803925,,
"Congo, Dem. Rep.",,,42.70936966,,,,,55.44419098,60.51383972,63.11711121,63.64162064,65.57299042,70.90409088,69.77172852,67.68039703,69.91117096,,,,,,
"Congo, Rep.",,56.536129,59.27043152,55.88825989,80.37814331,70.05937958,75.98783875,74.35820007,69.18698883,68.39479828,68.4287262,74.98303223,71.60604095,,,,,,,,,
Colombia,96.0116806,92.80085754,92.81960297,,100.1039734,104.173111,110.5809708,112.7317276,113.0217133,117.8619308,116.9559937,115.3100204,109.6682205,99.79444122,99.24220276,100.0330505,101.7112503,105.9868011,106.7693863,106.7657318,103.7517471,
Comoros,,,58.13922119,57.26398849,61.90851974,,,64.08011627,73.32299805,,,,,74.69879913,77.67991638,,68.48216248,76.72007751,,,,
Cabo Verde,105.9931488,98.75489044,98.8344574,98.88220215,96.17209625,81.75216675,94.72467804,91.7592392,99.71652222,96.83358765,101.1008224,96.2914505,97.75907898,92.35906219,94.72225189,95.21536255,91.0370636,87.40142059,87.29020691,99.99017334,,
Costa Rica,88.31564331,91.27375031,93.4924469,,94.08341217,93.50605774,90.26892853,92.70088959,94.48940277,97.94898987,99.32607269,104.3604507,102.4104004,98.64965057,98.42607117,99.58660126,97.32090759,96.77837372,98.59436798,102.7380524,104.5921402,
Caribbean small states,91.96533966,87.00354004,88.51022339,87.83905029,89.75350189,90.0815506,90.68544006,90.11393738,90.86730194,92.01434326,91.11234283,91.94960022,92.44611359,92.03881836,,,,,,,,
Cuba,95.5450592,95.89134979,102.1481018,98.56324005,96.58499908,97.92652893,95.89933777,94.34615326,89.0286026,95.75437927,94.98464966,95.78063202,94.92070007,93.86077118,98.09442902,97.07624054,92.8256073,89.52381897,84.13140869,86.53215027,95.30088043,
Curacao,,,,,,,,,,,,,,,,,,,,,,
Cayman Islands,102.3157883,101.9120483,99.47460938,,86.29920959,85.51402283,85.96215057,88.87146759,91.20879364,,,101.6616287,100,92.63455963,,,,,89.55223846,,,
Cyprus,97.65950012,98.0424881,100.450119,101.184639,87.55182648,100.0818024,101.1462097,99.95162964,100.2462082,103.160408,99.31649017,101.7331009,100.0641403,98.3320694,99.82537842,96.81906128,98.46739197,101.2697296,101.8767014,102.5455017,,
Czechia,99.34734344,99.44711304,104.0140305,99.17993927,99.77954865,98.93743896,93.89820099,95.59893799,98.50746155,103.5232773,106.4567795,103.75914,100.9904404,99.76103973,98.16072083,96.07079315,97.06746674,97.84403992,98.54006195,101.4376526,,
Germany,104.3469162,105.7957077,101.6701431,100.6812363,99.47026825,96.87963867,98.49680328,103.5369797,101.9790268,102.3837967,102.0153503,101.5668793,98.65313721,98.39868927,97.28270721,98.91829681,97.93720245,98.80513763,100.8433228,99.01779938,,
Djibouti,26.6926899,26.41596031,,,,33.60456848,38.25157166,,44.66270828,,,50.78261948,,50.69831085,59.97706985,65.59613037,67.35250854,62.97631836,66.38028717,65.57845306,63.03197098,64.81249237
Dominica,119.4272385,117.7196808,100.5472031,94.57161713,95.10357666,93.39044952,84.3052063,86.15084839,82.23281097,78.96996307,77.03926849,86.68261719,97.30413055,96.42537689,100.8571396,105.9535828,113.9266968,,,,,
Denmark,100.1467819,101.3587875,105.4157715,,100.6575775,100.3595734,102.0396576,101.7559204,100.9705811,97.97302246,99.11992645,99.62966919,98.25849152,99.27841187,98.77497864,98.73802948,103.8826904,103.7763977,101.0366287,101.8970795,,
Dominican Republic,78.8188324,,92.23330688,,88.62722015,,85.80622101,92.68309784,,93.84940338,92.69573975,93.07073975,93.52136993,94.2355423,95.26004791,99.52607727,99.15802765,95.32808685,93.1275177,93.30409241,96.31630707,
Algeria,80.16638947,86.29779053,88.08229828,89.7199173,91.32530212,93.07539368,83.62890625,94.39851379,112.9766464,91.88226318,95.61699677,97.63629913,101.5528793,106.0316772,108.3915787,105.5467224,105.5900497,105.6367111,105.143959,101.3646317,103.6635284,
East Asia & Pacific (excluding high income),92.33168793,93.52503204,92.97722626,92.85134125,92.52285767,92.12135315,91.70049286,93.39463043,97.1243515,96.79006195,96.05261993,94.94599915,95.39246368,94.97205353,92.35978699,91.13127899,93.70742798,95.91773224,98.11186981,98.20844269,97.51058197,
Early-demographic dividend,75.54930878,76.56221771,78.45572662,80.6992569,82.47618866,84.27851868,84.84223938,86.46372223,87.96636963,88.86991119,89.37818909,89.31060791,90.96309662,91.67633057,92.8650589,92.8771286,92.51307678,92.17984009,91.91623688,92.05967712,93.42627716,
East Asia & Pacific,92.74990082,93.8838501,93.31333923,93.29840088,93.0012207,92.62335205,92.26535797,93.88150024,97.31169128,97.03397369,96.34365082,95.35482025,95.89298248,95.39246368,92.85112762,91.78582001,94.13874817,96.02176666,98.12773132,98.36659241,97.71708679,
Europe & Central Asia (excluding high income),94.18338013,96.36238861,97.37055206,96.4302597,97.37042999,99.20516968,97.18483734,95.84539032,96.44136047,97.56046295,97.93582916,99.15306091,98.26341248,98.54701233,98.04390717,98.76274109,96.65757751,97.25482941,97.96315002,99.70594025,99.54004669,
Europe & Central Asia,96.12008667,97.82348633,98.07466888,97.56217957,97.84081268,98.07650757,96.92163086,96.73371887,97.12091827,97.61995697,97.86087799,98.45120239,97.82266235,97.97432709,97.65010071,98.42202759,97.16011047,97.69724274,97.610672,98.49478149,98.43028259,
Ecuador,97.24127197,97.66513062,97.31587982,96.65190125,96.30124664,100.4165802,99.7706604,99.12251282,,97.2144928,103.1958313,106.9734573,108.2071304,108.6961594,112.2291412,106.4048386,103.5557404,105.4158478,104.4336777,101.4974976,100.6137466,
"Egypt, Arab Rep.",91.26548004,89.39920807,88.23806,88.66969299,90.1892395,91.97186279,87.35761261,90.92532349,,93.51345825,96.02799225,,,100.5301437,,,96.90644836,97.18955231,100.6852112,104.6092987,,
Euro area,98.24852753,99.26674652,97.96787262,97.8650589,97.29189301,95.87045288,95.93093109,97.47592926,97.65923309,97.42343903,97.34828186,97.18054199,96.51537323,96.28681183,96.21463013,96.98338318,96.16420746,96.41973877,96.45072174,96.02469635,96.04633331,
Eritrea,48.5074501,49.49895096,48.9708519,55.22574997,64.33746338,79.40328979,79.71649933,79.34432983,82.01907349,87.97068787,76.33065033,73.28090668,66.08583832,61.0422287,,62.84111023,,64.18666077,60.27051163,,,
Spain,,,,,102.3002625,,96.65483856,97.13748169,97.29009247,97.47839355,96.78925323,96.15329742,99.32010651,99.21613312,100.1018982,103.3596802,101.2097321,100.5725479,98.52601624,97.44148254,,
Estonia,95.6677475,101.4070816,102.9511414,106.3058929,102.3217163,102.6362686,94.97763824,94.75234985,95.45355225,98.74658966,100.6342773,101.4313278,103.8179398,104.3208313,100.0924301,98.76663971,96.44262695,97.23143768,96.69463348,97.43179321,,
Ethiopia,22.31555939,27.74431038,31.60784912,34.92633057,37.69916916,43.46147919,47.19113922,47.29251862,49.45278931,51.35950851,57.70273972,52.54763031,50.30796814,53.32957077,53.38832855,54.11090088,61.57915115,63.68955994,,67.74021149,68.08428955,
European Union,98.115448,99.15869141,98.30828857,98.48770905,98.32482147,97.17675781,96.85485077,97.6765213,97.60115051,97.58148956,97.92282867,98.03130341,97.41693878,97.36602783,97.2360611,97.98119354,97.34049225,97.63845062,96.60308075,96.53427124,96.56596375,
Fragile and conflict affected situations,57.23244095,58.81446075,60.21392059,61.87937927,63.38724899,65.47947693,68.1518631,66.77902985,66.06980896,67.52983093,68.69844055,68.5773468,69.18032074,68.40648651,68.93743134,69.31268311,69.94764709,70.26101685,70.68862152,70.81741333,71.29566956,
Finland,96.20359039,102.1508026,100.8714523,101.9170685,100.1813202,100.193222,96.7771225,98.18776703,98.77861023,97.86470795,98.62905121,98.20484161,100.0309677,99.63838196,98.88854218,99.03192139,100.8849716,101.4983215,100.3738098,100.9760818,,
Fiji,95.0105896,97.06311798,102.0114288,,109.3514023,,111.5312729,,105.8782806,105.1467819,,104.667778,106.2605286,106.7346725,,111.6333008,107.0184174,,,108.8697662,105.2678299,
France,92.93036652,,,,,,,,,,,,,,,,,,,,,
Faroe Islands,,,,,,,,,,,,,,,,,,,,,,
"Micronesia, Fed. Sts.",,,,,,,,,,,,,,93.42160034,95.54247284,94.63829803,91.05622101,86.59313202,90.6474762,88.45343018,,
Gabon,,,73.26525116,71.19043732,,,,,,,,,,,,,,,,78.42915344,,
United Kingdom,,,,,,,,,,,,,,,,102.010498,100.8825531,100.1228638,100.5974579,101.5946884,,
Georgia,118.0893326,120.9960938,118.1896667,106.5050888,112.0704498,97.7706604,92.03656769,98.81681061,102.3803864,105.0745087,106.4736633,,101.4368134,104.25811,103.5047379,102.9413834,115.4339523,113.7015991,95.50823212,92.82787323,93.53005219,
Ghana,69.08267212,65.44558716,67.09992981,68.19152832,67.30165863,73.07195282,69.4250412,74.65209198,79.998909,81.27578735,,88.06565094,93.86432648,94.82469177,93.65453339,98.75621796,,94.72445679,93.80911255,,,
Gibraltar,,,,,,,,,,,,,,,,,94.68084717,92.25805664,,100.218338,105.9471436,
Guinea,31.67450905,33.42895126,37.35200119,37.54304886,47.19324875,53.20787811,57.48635101,57.76227188,50.64950943,56.75358963,56.91796112,59.05986023,60.10137939,60.8259201,62.25954056,60.2975502,59.66736984,,,,59.35110855,
"Gambia, The",66.12757874,65.97637177,63.36499023,65.8316803,64.35018921,61.29161835,59.51028824,66.33712769,72.35038757,,67.10289001,63.97330856,65.6831131,66.41799927,66.99941254,67.47250366,69.27261353,72.04599762,74.71024323,78.94251251,82.26425171,85.16638184
Guinea-Bissau,28.31343079,,,,,,,,,,65.14251709,,,,,,,,,,,
Equatorial Guinea,45.02632904,,,36.59059143,,43.90512085,,,41.04965973,42.96390152,44.38116074,42.45682144,44.01268005,,,40.77592087,,,,,,
Greece,,,,,99.2926712,96.45877075,99.09316254,97.38446045,,,95.31909943,93.1533432,96.98412323,95.35900879,95.57611084,97.3575592,97.33734131,96.76635742,97.93238068,96.35045624,,
Grenada,,,96.46629333,107.0416489,,108.7669907,,105.1818619,120.0102615,132.4367065,123.122963,,,108.7554703,104.6435623,,,120.9955292,123.0012283,,,
Greenland,,,,,,,,,,,,,,,,,,,,,,
Guatemala,55.51237106,58.03934097,61.58015823,,67.26300812,70.92420197,73.92884064,74.67053223,77.5581665,81.62690735,83.62596893,85.79241943,84.75212097,84.86328888,84.669487,82.71166992,79.13230896,79.94132996,79.69037628,79.13033295,80.73668671,
Guam,,,,,,,,,,,,,,,,,,,,,,
Guyana,107.8793488,92.67053223,,77.53694916,,93.4590683,93.7951889,94.04949951,95.53240967,98.4482193,92.71179199,97.63735199,97.37593842,,,,,,,,,
High income,98.17201233,98.59570313,98.22427368,98.46291351,98.35044861,97.79254913,97.88327026,98.54654694,98.65287018,98.74907684,98.78323364,98.90486908,99.36118317,99.20081329,99.35289001,99.36676025,98.79945374,98.54627991,98.44194794,98.89234924,98.98010254,
"Hong Kong SAR, China",,,,,,,,,,,,,100.7627029,99.07839966,102.2678299,105.0824966,104.1517029,103.1136627,104.4942322,106.7327499,105.4181976,
Honduras,,,,77.66988373,,77.26660156,81.94036865,,79.56629181,81.09689331,84.94979095,87.47505188,86.82106781,80.90408325,77.19140625,,,,,,,
Heavily indebted poor countries (HIPC),43.38592148,45.92287064,48.19364166,49.99570084,51.73667145,54.36056137,56.53113937,58.89807892,62.63059998,65.74597931,65.86257172,65.48107147,65.78688812,65.57917023,65.68933868,65.89103699,66.32906342,67.04135895,68.08651733,68.21270752,68.99463654,
Croatia,90.88205719,95.01474762,98.19367981,97.35977936,,103.4470901,101.7197037,103.8742065,98.67823792,93.59108734,91.27275848,93.08901215,92.74301147,94.96452332,97.93856049,103.4840393,101.0199966,95.54715729,94.84780884,94.53153992,,
Haiti,,,,,,,,,,,,,,,,,,,,,,
Hungary,96.41895294,98.01667786,99.41333008,96.18540192,94.62100983,93.81266022,98.7664566,95.02565002,96.5894165,96.79566193,97.10366058,98.72741699,97.53672791,97.71341705,96.46964264,96.9503479,98.59475708,105.0500336,98.84925079,95.60597229,,
IBRD only,86.89594269,87.79953766,88.68990326,89.69676971,90.50376129,91.33479309,91.60025024,93.38829041,96.030159,96.19288635,95.59963226,94.78520203,95.57652283,95.9671936,95.39111328,94.73690796,94.98348999,95.1032486,94.96154785,95.25344086,96.02346802,
IDA & IBRD total,80.01706696,80.85186005,81.5840683,82.36447906,82.9787674,83.90722656,84.4355011,85.458992,87.20850372,87.97709656,87.71903229,87.24211884,88.03368378,88.1437912,87.85507965,87.49646759,87.78363037,88.10832214,88.37120056,88.56867218,89.11154175,
IDA total,58.54225922,59.83834076,61.07432175,62.09490967,63.00973892,65.01251221,66.75511169,66.32765961,66.48802185,69.17102814,70.05975342,70.6947937,71.87693787,71.69072723,72.29138184,72.7752533,73.377388,74.29242706,75.53530121,75.76654053,76.09342194,
IDA blend,72.85083771,73.1604538,73.00528717,72.48705292,72.51268768,73.47989655,75.93125916,72.70697784,69.58200836,71.07453918,72.47644806,71.95210266,73.50227356,73.92845917,74.38278961,74.63635254,75.01538086,75.6817627,77.13493347,77.89180756,77.93039703,
Indonesia,,93.75627136,95.05402374,95.65924072,95.59570313,94.2734375,92.56089783,96.64581299,96.69259644,98.54908752,100.5890884,,103.098259,101.1456299,103.4515305,,,100.8259201,102.3348389,,,
IDA only,50.79050064,52.63747025,54.61822891,56.48855972,57.93130112,60.52745819,61.96279907,62.96738052,64.79608917,68.10112,68.74893951,69.96814728,70.97705078,70.48969269,71.18042755,71.77741241,72.49533081,73.53608704,74.65570831,74.60205841,75.0687027,
Isle of Man,,,,,,,,,,,,,,,,,,,,,,
India,71.48610687,72.16954041,75.56006622,80.04438019,,,,,94.75758362,95.74629211,,92.76335907,,96.20088959,97.57112122,97.71131897,96.23069763,94.37374878,,91.66149139,94.55912781,
Not classified,,,,,,,,,,,,,,,,,,,,,,
Ireland,96.64121246,94.71307373,94.96613312,94.87361908,95.52036285,94.95694733,,,,,,,,97.81537628,99.83773041,98.70777893,99.69187927,98.28806305,97.32833862,100.6323166,,
"Iran, Islamic Rep.",90.71710205,95.96118927,97.46559906,94.36322784,104.5562363,106.1525497,96.41342163,92.16934204,94.42534637,98.14305878,99.45252991,98.78840637,97.20738983,,,98.30149841,100.2643814,99.43878937,,100.2582321,101.0606766,
Iraq,56.27177811,,,,79.61644745,,,66.99707031,,,,,,,,,,,,,,
Iceland,99.78250122,111.9304276,106.0606079,109.3578033,98.46871185,98.52311707,96.78497314,94.98313904,94.78128815,98.98027039,98.02002716,99.86000824,98.16384125,102.4735031,98.06101227,96.57388306,99.95250702,101.8414917,99.20509338,100.9760437,,
Israel,,,105.7218704,105.7934494,109.4273911,105.3789978,103.9482498,104.7473526,101.4556427,104.5845566,102.8270798,102.1188812,107.0847092,102.8544083,103.6381989,110.0570297,103.5787506,105.5579681,102.4397507,101.9708328,,
Italy,101.744873,104.9122772,103.3618774,103.7088089,102.1325607,100.3055573,100.4195175,102.3610687,105.7323685,103.6031876,104.2058029,105.3638611,101.4161911,100.3593292,100.1127396,99.80954742,97.74971008,98.81697845,97.64672089,97.63696289,,
Jamaica,86.36894989,80.85037994,86.67449951,,86.5980072,,,85.98454285,,,,,,81.38192749,79.51925659,79.25955963,79.69506836,80.92993927,78.89025879,76.91970062,,
Jordan,94.46649933,,90.38475037,92.94632721,93.22077179,96.16149902,93.67272949,96.56778717,94.69017029,,,77.24938965,,73.82997131,75.16387177,,72.06588745,71.33763885,72.70050812,81.67272186,81.60356903,
Japan,,,,,,,,,,,,,,,,,,,,,,
Kazakhstan,93.19255829,95.47870636,96.79334259,98.02690125,104.8648529,105.762001,101.8485794,98.35679626,102.4507904,104.1133118,107.4487915,114.1405869,107.5192795,109.3172607,115.1543884,114.2725296,110.2985764,109.6560974,110.3839035,106.3773499,102.0028,
Kenya,,,,,86.32241821,86.94249725,,,,,,,,,97.2009964,99.1434021,99.67874146,,,,,
Kyrgyz Republic,93.64906311,93.55747986,93.7224884,90.65828705,92.86183167,97.62499237,101.5139771,97.08724213,95.51502228,98.01081085,97.05922699,95.32794189,95.74697876,99.34651184,102.2726593,108.2003632,101.7858734,101.5568695,104.5162888,108.6153717,108.1418076,
Cambodia,,51.28442001,59.91038132,66.62339783,77.6314621,86.93856812,89.38886261,90.73403168,85.92165375,83.28926849,85.17900085,87.46833801,93.19101715,94.19036865,96.64279175,95.51302338,92.41137695,89.54563141,87.9994812,91.02736664,91.9995575,
Kiribati,98.9781723,117.1652069,111.3051529,119.627037,123.06604,122.920517,113.2124405,118.3022766,106.25,,,,,,113.1809311,93.8881073,100.8695679,,,,93.43039703,
St. Kitts and Nevis,115.1442337,114.6283035,116.7848663,103.6729889,113.7349396,112.6847305,,101.3530121,93.91726685,105.7692337,102.0310593,108.716713,110.3491287,109.0909119,101.9710922,107.9514771,98.08482361,,,,,
"Korea, Rep.",103.2269821,99.65302277,94.81356049,100.8678513,99.6764679,97.84371185,99.13932037,101.0923386,100.1076965,101.6233521,101.1586685,102.9780807,109.6997681,103.1858978,96.15531921,101.4107971,98.01557159,91.3551178,95.37677002,105.2397308,,
Kuwait,99.54678345,87.31302643,93.39803314,98.45880127,100.6279297,111.6905899,,106.4244003,,,97.4594574,98.99492645,97.88350677,100,,,100.5790024,95.37188721,91.81941223,84.59255981,83.89556122,
Latin America & Caribbean (excluding high income),98.61992645,98.24382019,99.93789673,98.84677887,96.59017944,97.22279358,98.24333954,99.26500702,99.39253998,99.7297821,100.2542572,100.4361877,101.0282364,100.6784668,100.9889297,99.61125946,99.49015045,99.11219025,98.40525818,98.38835144,98.6039505,
Lao PDR,67.38773346,67.54495239,67.98867035,67.47633362,67.82991791,70.16239929,73.94615173,76.45172119,78.7592392,81.76178741,85.67514038,91.37177277,95.03047943,99.32383728,100.7859268,101.0114212,99.73226929,101.3968735,97.89003754,92.16832733,89.02874756,
Lebanon,,,,,,,,,,,,,,,,,,,,,,
Liberia,,,,,,,66.62625885,,62.91722107,62.08823013,,66.84977722,,,60.00973129,,,60.59540176,,,,
Libya,,,,,,,,,,,,,,,,,,,,,,
St. Lucia,,,105.4338531,104.8571396,104.1162872,99.82563019,106.8408737,106.6409683,,,,,90.67288208,86.99272156,91.3311615,84.40228271,95.49050903,92.07717896,94.89362335,99.77935028,100.363472,
Latin America & Caribbean,97.79399109,97.48593903,99.35108185,98.22971344,96.20449829,96.88700104,98.03302002,99.08265686,99.10428619,99.4243927,99.83502197,100.0599594,100.7210922,100.389801,100.7126999,99.37342834,99.11962128,98.64655304,98.05426025,98.08473206,98.30687714,
Least developed countries: UN classification,47.73036957,49.66580963,51.71865845,53.55934906,55.19889832,57.70888138,59.31206131,60.49230957,62.38153076,65.85014343,66.33596039,67.58255768,68.4292984,68.90515137,69.66531372,69.95937347,70.71073151,71.64994812,72.76000977,72.55999756,72.97926331,
Low income,43.32183838,45.57175064,47.61164093,50.10366058,51.78871155,54.7408905,56.15140152,57.33488083,59.73147964,62.57489014,62.90409088,62.50630188,63.11824036,62.08074188,62.78633118,62.99750137,63.93051147,64.54369354,65.61726379,66.01277924,66.70735931,
Liechtenstein,,,,90.38902283,109.0206223,106.3106766,101.7811737,102.8697586,103.6496429,94.59458923,111.053978,100.742569,102.2388077,,92.24806213,105.7471313,100.2518921,90.43927765,107.3298416,94.45909882,,
Sri Lanka,,107.2952499,112.6193314,105.2043304,,101.1657562,100.1955872,97.47682953,92.49482727,92.36515808,98.9121933,100.1320724,97.25627899,98.31141663,98.10511017,99.0514679,101.1092682,102.3903809,,99.2629776,98.24330902,
Lower middle income,75.07646942,76.23117065,77.77809906,79.71617126,81.32386017,82.94515228,84.09700012,85.2895813,86.32723999,87.55033112,87.81633759,87.95001221,89.42823792,90.17912292,91.26605225,91.47281647,91.00437927,90.68683624,90.50834656,90.30983734,91.51937103,
Low & middle income,79.95084381,80.782341,81.49606323,82.2908783,82.89797211,83.84455109,84.35649872,85.37180328,87.14425659,87.93403625,87.68566132,87.19728851,87.97776031,88.08547211,87.79886627,87.43344879,87.72470093,88.04891968,88.33605957,88.52954102,89.08994293,
Lesotho,56.74876022,59.65581131,62.15779877,65.57006073,69.29904175,65.79828644,85.58231354,82.58883667,81.52989197,83.21071625,86.99314117,85.57064819,83.27728271,82.98184967,82.23049164,81.75554657,85.62885284,,,,,
Late-demographic dividend,94.43045807,95.3238678,95.21601105,94.68704224,93.93586731,93.79083252,93.87815857,94.97794342,98.52454376,98.37077332,97.39270782,96.02706146,95.94792938,95.45884705,92.40805817,91.16339111,93.37059784,95.59307861,97.01825714,98.12715912,97.49443054,
Lithuania,101.9031906,102.7206268,102.5675278,101.3667679,103.2576599,102.043541,102.3819885,104.2147064,98.42682648,99.07627106,99.36398315,99.0966568,101.1034927,101.3880005,100.7501678,100.7350235,101.8899765,102.0011597,104.2855988,104.2602692,,
Luxembourg,,,,,,,,,,,84.28455353,84.368927,85.849823,82.23399353,79.67519379,79.15052032,79.07543182,80.28713989,79.64601898,82.21827698,,
Latvia,99.4299469,100.4669876,99.56717682,101.0083084,104.9569626,102.0033493,102.6938782,101.6649628,102.3786163,101.090271,102.1927567,99.76600647,98.53286743,99.41632843,100.3578415,100.0109482,98.06009674,99.31181335,98.3991394,98.30753326,,
"Macao SAR, China",98.33943939,97.6539917,96.72071075,93.08074951,96.53009033,89.41459656,94.60597992,92.86459351,92.93218994,90.997612,92.48989868,93.0426178,94.08878326,90.11975861,93.26970673,93.86437225,98.2186203,100.9514313,101.0805664,103.8342209,103.1875,
St. Martin (French part),,,,,,,,,,,,,,,,,,,,,,
Morocco,58.70890045,60.2166481,62.47660065,66.78034973,74.24163818,78.79193115,82.50327301,83.03486633,81.70568085,81.34088898,85.32665253,89.36157227,98.01963043,96.02310181,96.30815887,96.25771332,95.04203796,92.92952728,93.59745789,97.13572693,100.0881195,
Monaco,,,,,,,,,,,,,,,,,,,,,,
Moldova,,,,,,,,,,,,,,,109.1433563,107.1028595,106.4890213,107.1186523,101.6021194,102.2195587,103.8562012,
Madagascar,36.70574188,36.19731903,36.25741959,40.09122086,45.97764969,58.28878021,57.07947922,61.22325897,67.43195343,73.94528198,70.37521362,70.69732666,69.12863159,67.96189117,68.19869995,68.65421295,67.57843018,67.00713348,65.46877289,63.27682114,,
Maldives,,,,,,134.542511,126.0875168,,112.1764297,120,115.6658401,109.7818604,99.51673889,94.71530151,102.3683701,103.6910019,106.9580612,97.35546112,93.17411804,91.66667175,,
Middle East & North Africa,81.5530777,83.48674011,84.46186829,85.93579865,89.52616119,90.58171844,87.04321289,87.97297668,90.02835083,88.91378784,90.59873199,91.54460144,93.5742569,91.53968048,92.64727783,91.58782959,91.10643768,90.95591736,91.42218018,92.59996033,93.38696289,
Mexico,96.64557648,97.43399811,99.04663086,98.93366241,100.2950287,100.5736389,100.8881989,101.9606934,101.2903595,99.8245163,100.2393875,100.1975327,106.0110092,109.4250412,110.5088425,104.9098206,103.9693909,104.0978394,102.2558899,102.465538,,
Marshall Islands,,,108.7606812,96.88474274,,103.1135483,106.5994492,103.9895935,99.50453949,94.74510193,,86.86652374,,,,,70.85459137,,,77.29624939,71.69811249,
Middle income,83.4081192,84.23049164,84.97615814,85.74974823,86.3943634,87.26843262,87.79708099,88.89441681,90.70368958,91.33329773,91.10395813,90.7002182,91.60093689,91.95864868,91.60491943,91.22202301,91.48200226,91.81916046,92.03665161,92.26100159,92.86257172,
North Macedonia,96.17159271,94.85040283,96.16397858,92.65184784,91.78143311,93.18820953,91.71085358,91.59069824,91.76322174,91.70715332,,,,89.72982025,90.13024139,91.28556824,,91.1078186,93.41673279,,,
Mali,31.06592941,35.12379837,36.02547836,39.05849075,40.85932159,42.26309967,47.31689072,50.29813004,52.92718124,54.47351837,57.5708313,58.27114868,54.55112839,54.25202942,53.20568848,50.92628098,51.04618073,49.61439133,,,,
Malta,106.9921265,105.8545532,106.0800934,103.4425278,99.96269226,96.1218338,100.0193481,97.9371109,101.2873764,95.12615967,99.79792786,101.1935425,94.63768005,97.98256683,102.6799393,100.2057114,101.8052368,101.9341888,103.5776367,108.3026276,,
Myanmar,76.45822144,75.71192932,76.65383148,78.81349945,80.66625977,,84.81340027,84.853302,85.65215302,84.56768799,84.92346954,,,,,,,,95.39961243,,,
Middle East & North Africa (excluding high income),81.35653687,83.45761871,84.3117218,85.75055695,89.52879333,90.55122375,86.28079224,86.97322845,89.04750061,87.62638092,89.45950317,90.4224472,92.17353058,89.67899323,89.99198151,89.66924286,89.59319305,89.34996796,90.4656601,91.852211,92.62284851,
Montenegro,,,,,,,,,,,,75.98499298,99.59789276,,,94.31934357,90.39073181,90.26088715,94.47805786,97.40717316,103.7836533,
Mongolia,86.94967651,91.96691132,99.35820007,100.9700394,97.79450989,96.16281891,,,,,,,,,,98.1288681,92.99311829,91.50743866,101.7796478,107.4794998,,
Northern Mariana Islands,,,,,,,,,,,,,,,,,,,,,,
Mozambique,16.57522964,19.36938095,22.77030945,,29.84896088,41.82891846,41.26380157,45.44189835,58.13262939,55.26905823,58.99485016,54.87825012,52.04405975,49.54563141,48.80899811,48.95317841,,47.14291,51.98764038,54.7286911,58.184021,
Mauritania,,44.7618103,42.78839111,,,43.46977997,44.63146973,56.34513855,,69.21951294,,,70.43614197,72.62330627,69.68058777,70.39259338,,69.71430969,76.05602264,72.909729,,
Mauritius,102.7939835,101.8895569,98.33799744,99.16805267,96.03674316,97.4879303,95.00874329,97.42125702,97.06259918,94.79415131,99.26860809,98.42845154,95.62267303,97.34062195,96.91483307,100.4805603,101.0686569,98.20008087,100.7911835,98.51373291,96.37744141,96.37744141
Malawi,63.48488998,65.07366943,68.62548065,,60.58398819,60.37606812,59.8608017,60.64086914,65.31298828,66.76925659,69.20667267,71.60990143,74.80017853,80.04418945,80.00206757,,,,,80.34858704,,
Malaysia,100.6689072,,92.83457947,93.56880188,98.23886108,103.8097229,99.90332794,97.90132904,98.89887238,99.55062103,97.25932312,99.98245239,106.7283707,102.8557663,102.2998505,101.7599869,100.0088196,99.49160004,99.36345673,100.6573563,104.6396713,
North America,99.90853119,99.84371948,99.78070831,99.7073288,99.63439941,99.56356812,99.49452972,99.42935944,99.36286926,99.29586029,99.23040771,99.16320801,99.09559631,99.02570343,98.9552002,98.88751221,98.81793976,98.74645233,99.89868164,100.2595825,100.2586823,
Namibia,89.43701172,92.74832916,92.2425766,93.51019287,86.72067261,87.69803619,85.10935211,,81.69798279,87.65257263,84.51628113,,90.44270325,93.02004242,,96.72141266,97.18126678,85.36904907,94.08621979,93.3026123,,
New Caledonia,,,,,,,,,,,,,,,,,,,,,,
Niger,18.37958908,19.40044022,21.11149979,20.4672699,26.61951065,29.39775085,32.20075989,38.88185883,37.40855026,39.65544128,39.68682098,44.36259079,47.7938118,47.71931076,57.60813904,68.10016632,71.62693787,,,62.26213837,51.19453812,
Nigeria,82.17640686,,,,79.9875412,83.13178253,91.13503265,80.99420166,69.81604004,73.80319977,73.7924881,,,,,,,,,,,
Nicaragua,65.76513672,66.88876343,74.68699646,74.4897995,75.51402283,79.23751068,79.80110931,80.65653992,80.15252686,,84.87586212,,,,,,,,,,,
Netherlands,,,,,,,,,,,,,,,,,,,,,,
Norway,97.92279053,101.5475082,102.7123566,103.5053329,102.603241,100.0577927,97.57623291,97.81199646,99.15969086,101.2614212,99.36022186,97.66902161,99.76106262,101.0449219,98.25798798,97.96967316,100.8554306,101.0350189,99.123909,100.5062485,,
Nepal,66.74875641,66.50650024,71.56506348,72.62728119,72.82317352,76.15547943,77.01020813,,77.77893829,,,,104.3140564,105.5447617,109.1984634,111.8308105,116.8021927,121.7222672,,120.4473419,,
Nauru,,101.3392868,,,,,,97.71688843,,,,,97.60765839,,118.4466019,,131.0185242,,,116.8776398,,
New Zealand,,,,,,,,,,,,,,,,,,,,,,
OECD members,98.4447403,98.76158905,98.61106873,98.94909668,99.1876297,99.20715332,99.22969818,99.74938965,99.76116943,99.88636017,99.92591858,100.0758209,100.6373215,100.0154572,99.53842926,99.26554108,98.79268646,98.722229,98.53378296,99.14063263,99.14662933,
Oman,82.94512177,84.41490173,87.46424103,89.44494629,,,,,,96.38111115,,97.08152008,101.2116699,96.12754059,103.9574585,99.82885742,103.6480637,107.3640213,100.3571014,100.9126282,99.20173645,
Other small states,74.69407654,75.98171997,76.78659821,77.63330078,77.04672241,77.0531311,79.08789063,79.73319244,80.82405853,81.12290955,81.5507431,81.64456177,82.67964935,83.04190063,83.16577911,83.94918823,84.71958923,84.72315216,85.25760651,85.42243958,85.75306702,
Pakistan,,,,,,60.16038895,59.22394943,59.21292114,58.97401047,59.39558029,62.30638885,60.40692902,63.48620987,63.74631119,64.54271698,,64.95687103,,71.07129669,72.92545319,,
Panama,92.05299377,92.33393097,92.76725006,,93.42282867,92.95417023,90.40280151,94.58335876,97.69869232,97.70272827,93.94219971,98.54006958,100.6354523,99.64926147,96.80075073,,,89.79547119,,,86.94606781,
Peru,96.83503723,92.93534851,92.84632111,97.46295929,97.17108154,97.35832977,99.45909119,102.4487686,101.9316483,99.36102295,101.1632385,99.37333679,94.78259277,96.84059906,97.86360168,100.4050598,104.5288696,97.44566345,96.10073853,98.7053299,,
Philippines,,100.4146194,94.45062256,95.0076828,93.7217865,93.54663849,91.1213913,90.91187286,91.79592133,91.51911926,,,,,98.58690643,,,108.6775284,115.4368973,105.7552567,102.8146133,
Palau,95.23809814,,,,103.90625,,,,,,,,,112.6087036,100.4291763,,,,,,,
Papua New Guinea,50.02368927,50.94588089,52.40367126,54.35295105,,,,,,,,,,,72.70092773,,77.12384796,,,,,
Poland,95.68995667,97.52599335,97.12104797,97.93739319,98.0164032,94.62142944,93.37822723,93.11898804,,92.85269165,93.47019196,93.63150024,94.65113068,96.64031982,96.91201782,100.0444031,101.7503586,106.2426987,94.33351898,95.02263641,,
Pre-demographic dividend,54.75133133,56.39614105,57.6842804,58.69029999,59.96107101,61.76092911,64.7640686,64.42886353,64.92453766,67.90258026,67.08461761,67.5245285,67.95317841,67.77050781,67.95857239,68.01764679,68.04779816,68.23297119,68.69168091,68.38523865,68.71282196,
Puerto Rico,,,,,,,,,,,,,,,,,,,,,,
"Korea, Dem. People's Rep.",,,,,,,,,,97.3324585,,,,,,,,,,,,
Portugal,,,,,,,,,,,,,,,,,,,99.57019043,100.1251907,,
Paraguay,91.03295898,91.10053253,92.78909302,95.25095367,94.03040314,94.39012146,93.23162079,93.82009888,93.53356934,93.14137268,91.68022919,88.78321838,88.03662109,88.70993805,91.05509186,88.35977936,87.18881226,,,,,
West Bank and Gaza,94.14679718,95.70796204,92.85392761,97.40048981,90.43264008,92.98548126,,86.13907623,87.79605103,89.84792328,95.00283813,91.79595184,92.23401642,96.0062027,100.0549698,99.07182312,97.05693054,99.82543945,96.85253906,96.32247925,101.6411972,
Pacific island small states,91.33576202,94.45881653,96.17356873,97.43430328,98.28630066,99.21682739,98.84657288,98.39752197,96.21697235,96.05171967,96.07843018,96.27467346,96.81289673,97.98013306,98.74993896,99.77007294,98.00930786,97.59442139,97.02404022,97.00908661,97.57354736,
Post-demographic dividend,99.14826965,99.75493622,99.63273621,99.66377258,99.62349701,99.26193237,98.67865753,99.01312256,98.79812622,98.85404968,98.94954681,99.04164124,99.10806274,98.87447357,98.50395203,98.92594147,98.4835434,98.0998764,98.60089111,99.06495667,99.16689301,
French Polynesia,,,,,,,,,,,,,,,,,,,,,,
Qatar,,,,100.4290466,,93.98362732,89.62711334,103.6759415,106.3818436,101.8712234,,95.49075317,,96.381073,91.95511627,92.64425659,94.74804688,95.66954803,95.78588104,95.02079773,95.96623993,
Romania,93.34966278,92.67195892,89.34239197,94.14788055,99.36669159,103.5839615,99.74780273,,93.02554321,94.72460938,96.60372162,99.89517975,97.3431778,,,95.17481995,91.86003113,,85.22177124,85.28923035,,
Russian Federation,90.436203,92.26701355,,,,,,90.66230011,93.29714203,98.38200378,,97.11335754,97.71768951,100.1080017,99.93402863,100.2978516,96.14292908,,101.9632111,105.225853,,
Rwanda,25.08176041,26.42844009,32.06346893,41.73659897,40.76081848,,,,51.28987122,69.37140656,71.87429047,,71.16143036,69.14878082,62.99047089,63.35086823,69.06014252,78.19880676,86.54634857,97.40032959,,
South Asia,69.02494,69.70453,72.49696,75.87849,78.16471,80.52524,82.39266,84.34416,86.17822,87.68547,87.3896,86.95904,89.01604,90.63377,92.09109,92.4626,91.8988,91.2669,90.04793,90.21991,92.24263,
Saudi Arabia,,,,,,86.10549164,,93.26170349,96.91412354,,,101.6527863,107.1598129,110.9642792,,,,103.3347397,96.70606232,96.22881317,99.32730865,
Sudan,,,,,,,,,,,61.11948013,,57.54983139,58.09366989,58.2490387,59.24304962,59.83707809,61.68764114,64.08550262,,,
Senegal,39.03350067,43.65106964,46.33620834,46.42816925,47.39707184,52.24156952,49.19889832,50.56674957,57.4799118,57.89511108,57.17406082,60.64987946,60.1409111,60.68394852,61.32249832,59.66014862,,,,61.20201111,60.54104996,
Singapore,,,,,,,,,,,,,,,,,99.78926849,99.25823975,99.92182922,98.07794952,,
Solomon Islands,,,,,,,,,,,84.89247131,85.55438995,85.07463074,85.7193985,86.54978943,88.05918884,88.32666016,87.99546814,86.78566742,85.69419861,,
Sierra Leone,,,,,,,,74.27321625,,,,67.86105347,64.16042328,62.97579956,,59.79026031,68.33248901,70.19275665,81.78533936,83.21027374,87.19008636,
El Salvador,91.04666138,89.80072021,88.49028778,87.8571167,,89.13976288,88.98686981,93.26924896,94.73158264,97.4621582,99.73490143,103.3350067,103.4041138,101.834938,100.1043396,,,,,,,
San Marino,,,,,,,,,,,,,,,,,,,87.8628006,102.8901672,90.24389648,
Somalia,,,,,,,,,,,,,,,,,,,,,,
Serbia,,,,,,,,100.5197906,104.3832016,96.41523743,96.44892883,104.1276474,98.01016235,98.90995789,101.9012604,101.0108414,98.83048248,99.03386688,98.7212677,98.6684494,97.93856049,
Sub-Saharan Africa (excluding high income),54.39585876,55.9941597,57.25445938,58.3975296,59.56143188,61.73559952,64.53424072,64.32285309,65.02400208,67.92740631,67.9473114,67.76413727,67.96965027,67.9318924,68.10502625,68.32624817,68.51985168,68.88361359,69.61398315,69.80782318,70.39380646,
South Sudan,,,,,,,,,,,,27.43708992,,,,,,,,,,
Sub-Saharan Africa,54.40008926,55.99869919,57.25878906,58.40169144,59.56505966,61.73976135,64.53788757,64.32626343,65.02719879,67.92989349,67.94991302,67.76663971,67.97173309,67.93390656,68.10738373,68.32842255,68.52223206,68.88542175,69.61573792,69.80940247,70.39556885,
Small states,79.45490265,79.56134796,80.5506134,81.10038757,81.0905838,81.20149231,82.77400208,83.11416626,83.90691376,84.33286285,84.44706726,84.65466309,85.50408936,85.73738098,85.86608887,86.50906372,86.95327759,86.79508209,87.16100311,87.24938965,87.52741241,
Sao Tome and Principe,,,54.86075974,55.33007813,69.96109009,73.52480316,,71.16487885,73.89714813,81.72528839,81.78463745,107.6342697,90.09963989,94.68756104,85.47091675,86.14948273,77.48246765,84.34609222,,,,
Suriname,,,,,,72.32108307,80.05441284,69.73760986,81.72273254,84.21769714,87.05618286,86.43058777,86.74710846,85.93081665,89.10131836,89.56555176,88.04000092,85.34783936,85.14813232,85.86408234,90.32476807,
Slovak Republic,96.26741791,100.1305237,97.50543976,98.38574982,96.92295074,92.67681122,93.22329712,95.03366852,97.41287994,99.14994049,99.06211853,96.09583282,93.18823242,94.59078217,96.30828857,95.96457672,92.44306183,91.90563202,92.17269135,95.22947693,,
Slovenia,96.37516785,96.5730896,96.76959991,101.9008713,,,,,97.00966644,96.05603027,97.21166992,96.34835815,101.9722519,99.29289246,100.0733337,98.08544922,97.90014648,95.69824982,97.39997101,98.55384064,,
Sweden,99.55304718,102.261673,102.5924072,106.4890137,104.0877838,100.1336136,95.60118866,95.09410858,94.29090118,93.21914673,96.71507263,101.3979416,102.6794815,102.461853,101.0252991,103.7717667,105.2293091,105.3862762,104.1240463,105.0860825,,
Eswatini,69.66107178,66.96278381,69.46578979,66.40332031,68.15930939,70.59430695,72.02887726,80.49994659,,79.07492828,83.22717285,83.8032074,84.69747162,86.04702759,84.54666138,89.14315033,95.14885712,95.81926727,94.48487091,88.59642792,,
Sint Maarten (Dutch part),,,,,,,,,,,,,92,,123.09198,,,,,,,
Seychelles,98.8757019,105.6543808,106.2621002,107.0542068,103.7159882,115.1846771,,112.3219376,112.3177795,106.5720673,110.5182877,110.2386475,104.5665588,104.5771866,111.4109497,108.7547226,112.6462021,102.1970215,101.8531189,98.80000305,102.6797409,
Syrian Arab Republic,91.24430084,92.73813629,95.01953888,106.0661392,107.473793,109.0093765,108.9068375,106.0099792,104.0958862,103.0555725,103.3670502,106.9108963,113.6243134,72.29299164,,,,,,,,
Turks and Caicos Islands,97.10610962,103.9393921,94.98606873,,88.75305939,88.1118927,,,,,,,,,,,,,129.401413,,,
Chad,22.1473999,24.38902092,27.11602974,31.93519974,33.48506927,30.09581947,29.59753036,,,31.07718086,30.86058044,33.93759155,34.40066147,37.66218948,,37.49597168,41.32025909,37.92238998,40.56021881,,,
East Asia & Pacific (IDA & IBRD countries),92.28231049,93.48596191,92.92912292,92.79853058,92.46237183,92.05225372,91.6246109,93.34181213,97.1216507,96.78283691,96.03546143,94.91371918,95.36608887,94.93994904,92.29142761,91.04653931,93.65912628,95.89965057,98.12188721,98.21929169,97.51289368,
Europe & Central Asia (IDA & IBRD countries),94.28147888,96.44799042,97.3558197,96.56699371,97.4482193,98.84088135,96.89334106,95.68109894,96.17384338,97.14259338,97.52464294,98.68228912,97.95535278,98.38561249,97.96681213,98.87851715,97.00447083,97.79194641,97.71723175,99.37789917,99.22129059,
Togo,66.62779236,73.85542297,,74.66124725,76.71295166,76.04608154,75.4973526,,67.11387634,66.05271149,70.35707855,71.91786957,75.12908173,78.34172821,84.20050049,,92.71514893,91.60781097,89.67256165,87.42386627,88.35926056,
Thailand,84.8921814,86.88076782,,,,,,,,,,,,,,,,93.4525528,93.42047119,94.41137695,95.06307983,
Tajikistan,92.57575226,96.78825378,97.39144135,94.96057892,91.39968872,100.9783401,105.3782806,94.07073212,96.24758148,98.94978333,101.6947098,102.7377167,98.15614319,,99.51608276,101.0742493,95.38155365,94.91239166,,,,
Turkmenistan,,,,,,,,,,,,,,,,,,,,,,
Latin America & the Caribbean (IDA & IBRD countries),97.85726166,97.53083038,99.34433746,98.26148987,96.21655273,96.88426208,98.07402039,99.17048645,99.25376892,99.47875214,99.90862274,100.1242294,100.8054504,100.4788513,100.7568817,99.40239716,99.19718933,98.76174927,98.22865295,98.23388672,98.33348846,
Timor-Leste,,,,,,,,,89.07829285,78.66719055,75.09874725,78.7917099,83.32792664,88.95036316,93.43956757,100.0959473,99.2806015,99.89826965,103.8459091,105.1983414,,
Middle East & North Africa (IDA & IBRD countries),81.18630219,83.28430939,84.18460083,85.57006836,89.51441956,90.5120697,86.2275238,86.98700714,89.06846619,87.58863068,89.3651123,90.39914703,92.17250824,89.57243347,89.82200623,89.50932312,89.46559143,89.17035675,90.35562897,91.77465057,92.46566772,
Tonga,,105.4963074,,,,108.0561066,103.3884583,,,,,,103.5684967,116.0971603,,,,,,,108.4460831,
South Asia (IDA & IBRD),69.02494049,69.70452881,72.4969635,75.87848663,78.164711,80.52523804,82.39266205,84.34416199,86.17822266,87.68547058,87.38960266,86.95903778,89.01603699,90.6337738,92.09108734,92.46260071,91.89880371,91.26689911,90.04792786,90.21990967,92.24263,
Sub-Saharan Africa (IDA & IBRD countries),54.40008926,55.99869919,57.25878906,58.40169144,59.56505966,61.73976135,64.53788757,64.32626343,65.02719879,67.92989349,67.94991302,67.76663971,67.97173309,67.93390656,68.10738373,68.32842255,68.52223206,68.88542175,69.61573792,69.80940247,70.39556885,
Trinidad and Tobago,93.35761261,86.68157196,,89.32759094,95.03304291,91.93032074,,95.77249146,93.4575882,95.77075195,94.93678284,,,,,,,,,,,
Tunisia,86.63253021,87.87538147,93.22084808,97.03581238,100.496048,103.3093567,,102.6170502,92.16458893,88.6451416,98.96885681,,,96.80471802,99.71772766,103.311409,99.01363373,95.0537796,,,106.4673386,
Turkiye,,,,,98.16687775,102.6131134,98.91187286,97.34625244,98.66828156,98.729599,98.97466278,101.2482376,99.8199234,,91.39781952,92.23309326,,89.74890137,88.52777863,90.84677124,,
Tuvalu,,108.5585632,95.39170837,104.7393417,113.0434799,121.6346207,113.2701416,,,,,,,,86.97479248,91.70124054,84.77365875,,78.71485901,76.89243317,89.37007904,
Tanzania,50.53853989,55.86848068,59.81444168,,58.16949081,54.89395142,71.94429779,82.71264648,,103.6184464,91.04519653,95.03222656,82.11129761,76.7352066,69.87106323,65.14202881,61.57209015,68.09828949,68.70372772,65.74707031,68.73860931,
Uganda,,60.41220093,62.56145096,62.2913208,58.69958878,57.47274017,,53.52669907,58.37014008,75.11724091,57.17232895,55.07318115,56.38832855,56.45769882,59.89649963,53.77228928,54.74301147,52.67176056,,,,
Ukraine,96.05645752,99.4227066,101.121727,,,117.7167511,104.3438721,100.3740082,97.64618683,94.54981995,96.15622711,96.50829315,97.50717926,103.3503494,102.5925369,,,,,,,
Upper middle income,93.79046631,94.49432373,94.80110168,94.44387817,94.07530212,94.17299652,93.8765564,94.86917877,98.09591675,97.83087158,96.82537842,95.57312775,95.54576111,95.22503662,92.23545837,90.75161743,92.38529968,93.96974182,94.94059753,95.97693634,95.40643311,
Uruguay,97.31546021,95.36992645,94.87438202,91.78016663,92.22673798,95.43369293,99.69513702,104.3697433,106.7787933,106.3130493,104.8093033,103.7869568,102.6577377,103.4294891,103.9037018,103.5109863,104.6961899,98.69988251,103.2246475,,,
United States,,,,,,,,,,,,,,,,,,98.8321991,100.0926971,100.4890518,,
Uzbekistan,95.76960754,100.6883163,102.2615891,96.66867828,94.9282608,96.71703339,98.63932037,96.6079483,95.21112061,92.27764893,91.94624329,92.55310059,92.95034027,96.60858917,96.30272675,98.24262238,96.8192215,98.40358734,103.0236282,105.6226883,105.9979782,
St. Vincent and the Grenadines,,,,92.98400879,102.1066818,,,,109.4746704,,93.84248352,88.33087158,101.7151794,111.1350174,103.0634613,99.39427185,98.73207855,92.71186066,105.5491333,104.9141464,,
"Venezuela, RB",83.87856293,85.2696991,91.95780182,89.70028687,89.74030304,91.47277832,95.29814911,97.28839874,95.04341888,95.08796692,93.87696838,95.17514038,96.32138824,96.05863953,96.83641052,96.11708832,94.05079651,92.58873749,,,,
British Virgin Islands,111.1764679,,109.9715118,102.5862122,112.7167587,107.7586212,107.627121,89.94564819,,82.82827759,94.62103271,87.17340088,90.80460358,93.90518951,82.55033875,95.06726074,90.59632874,95.49762726,79.60688019,81.84143066,98.12332153,
Virgin Islands (U.S.),,,,,,,,,,,,,,,,,,,,,,
Vietnam,99.77178192,105.2023468,102.1941681,100.9092178,,93.75769043,97.44434357,,,,,103.2278595,102.6396866,100.0165863,107.1828766,105.1644592,105.9639893,,110.0212097,,,
Vanuatu,92.11485291,106.0159912,,,90.8213501,,,83.68968964,81.14108276,84.42826843,83.6258316,,,91.6740036,89.28510284,,,,,89.78401947,94.18134308,
World,81.95020294,82.76011658,83.4285202,84.15937042,84.68721771,85.47122955,85.94008636,86.90557861,88.45838928,89.15405273,88.92006683,88.5017395,89.24446869,89.30233002,89.05226135,88.7156601,88.90484619,89.16243744,89.407341,89.63014221,90.14006805,
Samoa,94.04708862,92.20979309,96.77629089,100.1923523,98.35681152,105.6754379,105.6587296,110.3516464,,104.4812393,106.4866104,105.8823471,106.2442627,110.5581436,107.5236588,110.3240204,110.7065506,107.0685577,104.7818832,108.8711395,111.3558578,
Kosovo,,,,,,,,,,,,,,,,,,,,,,
"Yemen, Rep.",,58.85403824,57.93289948,61.01327133,60.04838181,59.80574036,,,63.35874176,,65.44632721,,69.84921265,69.69535828,,,72.30039215,,,,,
South Africa,81.04225159,,86.34082794,90.57994843,95.65492249,,,,,,,,,,,90.11048889,87.25533295,,90.34449768,91.99948883,,
Zambia,59.03316879,,58.86299133,,69.9561615,81.23763275,82.83577728,86.87957764,91.00871277,85.23049164,98.03028107,,88.02960968,79.97387695,,,,,,,,
Zimbabwe,,93.23384857,88.42466736,87.7811203,,,,,,,,,97.09030914,98.49018097,97.80699921,100.6268311,99.26583862,95.47637177,92.19515228,88.50881195,90.01734924,
